,DOI,Search Techniques,Heuristics and Evaluation,Machine Learning,Chess Engines,Distributed Systems,Hardware,Opening Play,Middlegame Play,Endgame Play,Data Sources,Benchmarks,Test Suites,Competitive Play,Education,Research,Cheating Prevention,Fairness in Play,Sustainability
0,10.1007/3-540-44595-1_3,0,0,0,0,0,0,0,0,0,0,0,0,0,0,1,0,0,0
1,10.3233/icg-1998-21203,0,0,0,0,0,0,0,0,0,0,0,0,0,0,0,0,0,0
2,10.1016/s0020-0255(99)00093-6,0,0,0,0,0,0,0,0,0,0,0,0,0,0,0,0,0,0
3,10.1006/ijhc.1999.0338,0,0,0,0,0,0,0,0,0,0,0,0,0,0,0,0,0,0
4,10.1016/s0020-0255(99)00097-3,0,0,0,0,0,0,0,0,0,0,0,0,0,0,0,0,0,0
5,10.1006/jpdc.1999.1600,0,0,0,0,0,0,0,0,0,0,0,0,0,0,0,0,0,0
6,10.1109/mc.2017.177,0,0,0,0,0,0,0,0,0,0,0,0,0,0,0,0,0,0
7,10.1017/s0140525x01003922,0,0,0,0,0,0,0,0,0,0,0,0,0,0,0,0,0,0
8,10.1037//0033-295x.107.3.578,0,0,0,0,0,0,0,0,0,0,0,0,0,0,0,0,0,0
9,10.1006/game.1999.0763,0,0,0,0,0,0,0,0,0,0,0,0,1,0,0,0,0,0
10,10.1006/game.2001.0900,0,0,0,0,0,0,0,0,0,0,0,0,0,0,0,0,0,0
11,10.1073/pnas.97.4.1385,0,0,0,0,0,0,0,0,0,0,0,0,0,0,0,0,0,0
12,10.1007/978-0-387-30164-8_504,0,0,1,0,0,0,0,0,0,0,0,0,0,0,0,0,0,0
13,10.1024//1421-0185.60.4.264,0,0,0,0,0,0,0,0,0,0,0,0,0,0,0,0,0,0
14,10.1207/s15516709cog2404_4,0,0,0,0,0,0,0,0,0,0,0,0,0,0,1,0,0,0
15,10.1016/s0004-3702(00)00026-6,0,0,0,0,0,0,0,0,0,0,0,0,0,0,0,0,0,0
16,10.1007/3-540-45579-5_21,0,0,0,0,0,0,0,0,0,0,0,0,0,0,0,0,0,0
17,10.1177/039219210004819003,0,0,0,0,0,0,0,0,0,0,0,0,0,0,0,0,0,0
18,10.1109/tac.2013.2256682,0,0,0,0,0,0,0,0,0,0,0,0,0,0,0,0,0,0
19,10.1093/oseo/instance.wiggins2130,0,0,0,0,0,0,0,0,0,0,0,0,0,0,1,0,0,0
20,10.3233/icg-2000-23104,0,0,0,0,0,0,0,0,0,0,0,0,0,0,0,0,0,0
21,10.1007/s12109-000-0008-6,0,0,0,0,0,0,0,0,0,0,0,0,0,0,0,0,0,0
22,10.1007/3-540-45049-1_52,0,0,0,0,0,0,0,0,0,0,0,0,0,0,0,0,0,0
23,10.1109/pccga.2000.883973,0,0,0,0,0,0,0,0,0,0,0,0,0,0,0,0,0,0
24,10.1016/0304-422x(91)90021-g,0,0,0,0,0,0,0,0,0,0,0,0,0,0,0,0,0,0
25,10.1007/bf03025307,0,0,0,0,0,0,0,0,0,0,0,0,0,0,0,0,0,0
26,10.1145/242224.242317,0,0,0,0,0,0,0,0,0,0,0,0,0,0,0,0,0,0
27,10.1007/3-540-44404-1_14,0,0,0,0,0,0,0,0,0,0,0,0,0,0,0,0,0,0
28,10.1007/3-540-46541-3_39,0,0,0,0,0,0,0,0,0,0,0,0,0,0,0,0,0,0
29,10.1145/800206.806373,0,0,0,0,0,0,0,0,0,0,0,0,0,0,0,0,0,0
30,10.1007/bf02832307,0,0,0,0,0,0,0,0,0,0,0,0,0,0,0,0,0,0
31,10.1007/978-3-642-05258-3_30,0,0,0,0,0,0,0,0,0,0,0,0,0,0,0,0,0,0
32,10.3233/icg-2000-23304,0,0,0,0,0,0,0,0,1,0,0,0,0,0,0,0,0,0
33,10.1147/sj.393.0782,0,0,0,0,0,0,0,0,0,0,0,0,0,0,0,0,0,0
34,10.1145/514236.514261,0,0,0,0,0,0,0,0,0,0,0,0,0,0,0,0,0,0
35,10.3233/icg-2000-23403,0,0,0,0,0,0,0,0,0,0,0,0,0,0,0,0,0,0
36,10.1016/s0065-2458(00)80019-4,0,0,0,0,0,0,0,0,0,0,0,0,0,0,0,0,0,0
37,10.1007/3-540-45486-1_1,0,0,0,0,0,0,0,0,0,0,0,0,0,0,0,0,0,0
38,10.1007/978-94-015-9608-4_10,0,0,0,0,1,0,0,0,0,0,0,0,0,0,0,0,0,0
39,10.1016/s0020-0255(99)00095-x,0,0,0,0,0,0,0,0,0,0,0,0,0,0,0,0,0,0
40,10.1037//0033-295x.107.3.601,0,0,0,0,0,0,0,0,0,0,0,0,0,0,0,0,0,0
41,10.1109/icdm.2015.130,0,0,0,0,0,0,0,0,0,0,0,0,0,0,0,0,0,0
42,10.1007/bf02195028,0,0,0,0,0,0,0,0,0,0,0,0,0,0,0,0,0,0
43,10.1006/anbe.2000.1571,0,0,0,0,0,0,0,0,0,0,0,0,0,0,0,0,0,0
44,10.1038/35088119,0,0,0,0,0,0,0,0,0,0,0,0,0,0,0,0,0,0
45,10.1016/s1090-5138(00)00059-3,0,0,0,0,0,0,0,0,0,0,0,0,0,0,0,0,0,0
46,10.1016/s0304-3975(00)00078-5,0,0,0,0,0,0,0,0,0,0,0,0,0,0,0,0,0,0
47,10.1016/s0732-0671(01)80034-1,0,0,0,0,0,0,0,0,0,0,0,0,0,0,0,0,0,0
48,10.1016/0375-9601(93)90827-m,0,0,0,0,0,0,0,0,0,0,0,0,0,0,1,0,0,0
49,10.1109/2.933500,0,0,0,0,0,0,0,0,0,0,0,0,0,0,0,0,0,0
50,10.1177/0002764215613406,0,0,0,0,0,0,0,0,0,0,0,0,0,0,0,0,0,0
51,10.3758/bf03206384,0,0,0,0,0,0,0,0,0,0,0,0,0,0,0,0,0,0
52,10.1016/j.entcom.2013.10.002,0,0,0,0,0,0,0,0,0,0,0,0,0,0,0,0,0,0
53,10.1109/isar.2001.970515,0,0,0,0,0,0,0,0,0,0,0,0,0,0,0,0,0,0
54,10.1007/3-540-45579-5_7,0,0,0,0,0,0,0,0,0,0,0,0,0,0,0,0,0,0
55,10.1080/00150517.1980.12430138,0,0,0,0,0,0,0,0,0,0,0,0,0,0,0,0,0,0
56,10.1080/13600820124575,0,0,0,0,0,0,0,0,0,0,0,0,0,0,1,0,0,0
57,10.3233/icg-1999-22315,0,0,1,0,0,0,0,0,0,0,0,0,0,0,0,0,0,0
58,10.1080/02664760120059219,0,0,0,0,0,0,0,0,0,0,0,0,0,0,0,0,0,0
59,10.1061/9780784411193.ch03,0,0,0,0,0,0,0,0,0,0,0,0,0,0,0,0,0,0
60,10.1111/1467-9450.00225,0,0,0,0,0,0,0,0,0,0,0,0,0,0,0,0,0,0
61,10.1016/s1364-6613(00)01662-4,0,0,0,0,0,0,0,0,0,0,0,0,0,0,0,0,0,0
62,10.1038/scientificamerican1090-44,0,0,0,0,0,0,0,0,0,0,0,0,0,0,0,0,0,0
63,10.21236/ada300210,0,0,0,0,0,0,0,0,0,0,0,0,0,0,0,0,0,0
64,10.3233/icg-2001-24305,0,0,0,0,0,0,0,0,0,0,0,0,0,0,0,0,0,0
65,10.1007/3-540-45579-5_18,0,0,0,0,0,0,0,0,0,0,0,0,0,0,0,0,0,0
66,10.1016/s0191-8869(00)00095-7,0,0,0,0,0,0,0,0,0,0,0,0,0,0,0,0,0,0
67,10.1093/acprof:oso/9780195333169.003.0002,0,0,0,0,0,0,0,0,0,0,0,0,0,0,0,0,0,0
68,10.1109/cec.2001.934299,0,0,0,0,0,0,0,0,0,0,0,0,0,0,0,0,0,0
69,10.1016/b978-0-12-372512-7.00011-0,0,0,0,0,0,0,0,0,0,0,0,0,0,0,0,0,0,0
70,10.1109/infvis.2001.963286,0,0,0,0,0,0,0,0,0,0,0,0,0,0,0,0,0,0
71,10.1017/s0140525x01350100,0,0,0,0,0,0,0,0,0,0,0,0,0,0,0,0,0,0
72,10.1016/s0004-3702(01)00072-8,0,0,0,0,0,0,0,0,0,0,0,0,0,0,0,0,0,0
73,10.1007/3-540-45579-5_9,0,0,0,0,0,0,0,0,0,0,0,0,0,0,0,0,0,0
74,10.1080/09541440042000106,0,0,0,0,0,0,0,0,0,0,0,0,0,0,0,0,0,0
75,10.1097/tp.0000000000001574,0,0,0,0,0,0,0,0,0,0,0,0,0,0,0,0,0,0
76,10.1007/0-306-47533-2_24,0,0,0,0,0,0,0,0,0,0,0,0,0,0,0,0,0,0
77,10.1016/s0004-3702(01)00085-6,0,0,0,0,0,0,0,0,0,0,0,0,0,0,0,0,0,0
78,10.3758/bf03196185,0,0,0,0,0,0,0,0,0,0,0,0,0,0,0,0,0,0
79,10.1111/1467-9280.00309,0,0,0,0,0,0,0,0,0,0,0,0,0,0,1,0,0,0
80,10.1109/isar.2001.970521,0,0,0,0,0,0,0,0,0,0,0,0,0,0,0,0,0,0
81,10.1007/978-3-662-07811-2_8,0,0,0,0,0,0,0,0,0,0,0,0,0,0,1,0,0,0
82,10.1111/1467-9450.00224,0,0,0,0,0,0,0,0,0,0,0,0,0,0,0,0,0,0
83,10.1111/1467-9450.00223,0,0,0,0,0,0,0,0,0,0,0,0,0,0,0,0,0,0
84,10.1016/j.tcs.2005.09.073,0,0,0,0,0,0,0,0,0,0,0,0,0,0,0,0,0,0
85,10.1142/s0219198913400094,0,0,0,0,0,0,0,0,0,0,0,0,0,0,0,0,0,0
86,10.1006/game.2000.0794,0,0,0,0,0,0,0,0,0,0,0,0,0,0,0,0,0,0
87,10.1016/s0004-3702(01)00084-4,0,0,0,0,0,0,0,0,0,0,0,0,0,0,0,0,0,0
88,10.1147/sj.402.0410,0,0,0,0,0,0,0,0,0,0,0,0,0,0,0,0,0,0
89,10.1109/hpdc.2001.945203,0,0,0,0,0,0,0,0,0,0,0,0,0,0,0,0,0,0
90,10.1016/j.petrol.2004.11.007,0,0,0,0,0,0,0,0,0,0,0,0,0,0,0,0,0,0
91,10.1109/tsmca.2002.804820,0,0,0,0,0,0,0,0,0,0,0,0,0,0,0,0,0,0
92,10.2307/3500177,0,0,0,0,0,0,0,0,0,0,0,0,0,0,0,0,0,0
93,10.1016/s1364-6613(02)02039-9,0,0,0,0,0,0,0,0,0,0,0,0,0,0,0,0,0,0
94,10.3233/icg-2002-25203,0,0,0,0,0,0,0,0,0,0,0,0,0,0,0,0,0,0
95,10.2307/3219240,0,0,0,0,0,0,0,0,0,0,0,0,0,0,0,0,0,0
96,10.3233/icg-1991-14314,0,0,0,0,0,0,0,0,0,0,0,0,0,0,0,0,0,0
97,10.1287/ited.2.2.1,0,0,0,0,0,0,0,0,0,0,0,0,0,0,0,0,0,0
98,10.1093/oso/9780198250517.003.0008,0,0,0,0,0,0,0,0,0,0,0,0,0,0,0,0,0,0
99,10.1080/00210860208702022,0,0,0,0,0,0,0,0,0,0,0,0,0,0,0,0,0,0
100,10.1007/978-3-540-85845-4_23,0,0,0,0,0,0,0,0,0,0,0,0,0,0,0,0,0,0
101,10.1007/978-1-4302-4393-9_8,0,0,0,0,0,0,0,0,0,0,0,0,0,0,0,0,0,0
102,10.37236/22,0,0,0,0,0,0,0,0,0,0,0,0,0,0,0,0,0,0
103,10.1080/09540250120098898,0,0,0,0,0,0,0,0,0,0,0,0,0,0,1,0,0,0
104,10.1109/hicss.2002.994152,0,0,0,0,0,0,0,0,0,0,0,0,0,0,0,0,0,0
105,10.1016/s0160-2896(02)00083-1,0,0,0,0,0,0,0,0,0,0,0,0,0,0,0,0,0,0
106,10.1016/s1389-0417(01)00042-0,0,0,0,0,0,0,0,0,0,0,0,0,0,0,1,0,0,0
107,10.1109/cec.2003.1299571,0,0,0,0,0,0,0,0,0,0,0,0,0,0,0,0,0,0
108,10.1017/cbo9780511807251.024,0,0,0,0,0,0,0,0,0,0,0,0,0,0,0,0,0,0
109,10.1109/fpt.2002.1188672,0,0,0,0,0,0,0,0,0,0,0,0,0,0,0,0,0,0
110,10.1016/s0004-3702(01)00157-6,0,0,0,0,0,0,0,0,0,0,0,0,0,0,0,0,0,0
111,10.1142/9789812709677_0245,0,0,0,0,0,0,0,0,0,0,0,0,0,0,0,0,0,0
112,10.1016/s0191-8869(01)00052-6,0,0,0,0,0,0,0,0,0,0,0,0,0,0,1,0,0,0
113,10.1145/967900.968104,0,0,0,0,0,0,0,0,0,0,0,0,0,0,0,0,0,0
114,10.1145/378580.378737,0,0,0,0,0,0,0,0,0,0,0,0,0,0,0,0,0,0
115,10.1007/3-540-45841-7_16,0,0,0,0,0,0,0,0,0,0,0,0,0,0,0,0,0,0
116,10.3758/bf03196427,0,0,0,0,0,0,0,0,0,0,0,0,0,0,0,0,0,0
117,10.7788/akg.2000.82.1.67,0,0,0,0,0,0,0,0,0,0,0,0,0,0,0,0,0,0
118,10.1016/s0898-1221(01)00282-6,0,0,0,0,0,0,0,0,0,0,0,0,0,0,0,0,0,0
119,10.24963/ijcai.2023/422,0,0,0,0,0,0,0,0,0,0,0,0,0,0,0,0,0,0
120,10.1109/tpds.2002.1003855,0,0,0,0,0,0,0,0,0,0,0,0,0,0,0,0,0,0
121,10.1111/j.1083-6101.2005.tb00271.x,0,0,0,0,0,0,0,0,0,0,0,0,0,0,0,0,0,0
122,10.1016/s0004-3702(02)00195-9,0,0,0,0,0,0,0,0,0,0,0,0,0,0,0,0,0,0
123,10.1364/opn.32.3.000026,0,0,0,0,0,0,0,0,0,0,0,0,0,0,0,0,0,0
124,10.1007/11674399_13,0,0,0,0,0,0,0,0,0,0,0,0,0,0,0,0,0,0
125,10.3233/icg-2002-25305,0,0,0,0,0,0,0,0,0,0,0,0,0,0,0,0,0,0
126,10.3233/icg-2002-25304,0,0,0,0,0,0,0,0,0,0,0,0,0,0,0,0,0,0
127,10.1348/000712602761381402,0,0,0,0,0,0,0,0,0,0,0,0,0,0,0,0,0,0
128,10.1190/geo2020-0580.1,0,0,0,0,0,0,0,0,0,0,0,0,0,0,1,0,0,0
129,10.1016/s0004-3702(01)00152-7,0,0,0,0,0,0,0,0,0,0,0,0,0,0,0,0,0,0
130,10.1016/j.tcs.2003.08.012,0,0,0,0,0,0,0,0,0,0,0,0,0,0,0,0,0,0
131,10.1007/978-3-540-40031-8_10,0,0,0,0,0,0,0,0,0,0,0,0,0,0,0,0,0,0
132,10.1016/s0926-6410(02)00207-0,0,0,0,0,0,0,0,0,0,0,0,0,0,0,0,0,0,0
133,10.1080/0266476032000035403,0,0,0,0,0,0,0,0,0,0,0,0,0,0,0,0,0,0
134,10.1016/s0304-3975(00)00081-5,0,0,0,0,0,0,0,0,0,0,0,0,0,0,0,0,0,0
135,10.1016/s0012-365x(03)00181-x,0,0,0,0,0,0,0,0,0,0,0,0,0,0,0,0,0,0
136,10.1002/0471781266.ch10,0,0,0,0,0,0,0,0,0,0,0,0,0,0,0,0,0,0
137,10.1007/978-1-4471-0119-2_6,0,0,0,0,0,0,0,0,0,0,0,0,0,0,0,0,0,0
138,10.1207/s15516709cog2704_3,0,0,0,0,0,0,0,0,0,0,0,0,0,0,0,0,0,0
139,10.2202/1940-1639.1500,0,0,0,0,0,0,0,0,0,0,0,0,0,0,0,0,0,0
140,10.1201/9781351251389-4,0,0,0,0,0,0,0,0,0,0,0,0,0,0,0,0,0,0
141,10.1109/te.2002.808240,0,0,0,0,0,0,0,0,0,0,0,0,0,0,0,0,0,0
142,10.1016/j.tcs.2005.09.049,0,0,0,0,0,0,0,0,0,0,0,0,0,0,0,0,0,0
143,10.1007/bf02985635,0,0,0,0,0,0,0,0,0,0,0,0,0,0,0,0,0,0
144,10.1007/978-3-540-40031-8_18,0,0,0,0,0,0,0,0,0,0,0,0,0,0,0,0,0,0
145,10.1016/j.ejpoleco.2003.09.003,0,0,0,0,0,0,0,0,0,0,0,0,0,0,0,0,0,0
146,10.1145/982484.982496,0,0,0,0,0,0,0,0,0,0,0,0,0,0,0,0,0,0
147,10.1007/bf02984851,0,0,0,0,0,0,0,0,0,0,0,0,0,0,0,0,0,0
148,10.1007/978-3-642-12148-7_9,0,0,0,0,0,0,0,0,0,0,0,0,0,0,0,0,0,0
149,10.1080/09658210344000530,0,0,0,0,0,0,0,0,0,0,0,0,0,0,1,0,0,0
150,10.1037/0278-7393.29.6.1082,0,0,0,0,0,0,0,0,0,0,0,0,0,0,1,0,0,0
151,10.1016/j.tcs.2005.09.047,0,0,0,0,0,0,0,0,0,0,0,0,0,0,0,0,0,0
152,10.1207/s15516709cog2704_2,0,0,0,0,0,0,0,0,0,0,0,0,0,0,0,0,0,0
153,10.1007/978-3-540-40031-8_12,0,0,0,0,0,0,0,1,0,0,0,0,0,0,0,0,0,0
154,10.1007/978-3-540-31989-4_11,0,0,0,0,0,0,0,0,0,0,0,0,0,0,0,0,0,0
155,10.4324/9780429397929-4,0,0,0,0,0,0,0,0,0,0,0,0,0,0,0,0,0,0
156,10.1145/643603.643622,0,0,0,0,0,0,0,0,0,0,0,0,0,0,0,0,0,0
157,10.22215/etd/2008-08418,0,0,0,0,0,0,0,0,0,0,0,0,0,0,0,0,0,0
158,10.1007/978-3-540-72705-7_5,0,0,0,0,0,0,0,0,0,0,0,0,0,0,0,0,0,0
159,10.1007/978-3-540-40031-8_11,0,0,0,0,0,0,0,0,0,0,0,0,0,0,0,0,0,0
160,10.1016/s0004-3702(02)00384-3,0,0,0,0,0,0,0,0,0,0,0,0,0,0,0,0,0,0
161,10.1086/379265,0,0,0,0,0,0,0,0,0,0,0,0,0,0,0,0,0,0
162,10.1353/nlh.2003.0012,0,0,0,0,0,0,0,0,0,0,0,0,0,0,0,0,0,0
163,10.1108/imds.2001.101.2.90.1,0,0,0,0,0,0,0,0,0,0,0,0,0,0,0,0,0,0
164,10.1109/ssci.2018.8628782,0,0,0,0,0,0,0,0,0,0,0,0,0,0,1,0,0,0
165,10.1007/978-3-642-40498-6_12,0,0,0,0,0,0,0,0,0,0,0,0,0,0,0,0,0,0
166,10.5753/svr_estendido.2022.227428,0,0,0,0,0,0,0,0,0,0,0,0,0,0,0,0,0,0
167,10.1525/si.2003.26.2.263,0,0,0,0,0,0,0,0,0,0,0,0,0,0,0,0,0,0
168,10.1007/978-1-4613-9080-0_3,0,0,0,0,0,0,0,0,0,0,0,0,0,0,0,0,0,0
169,10.1097/01.psy.0000075975.90979.2a,0,0,0,0,0,0,0,0,0,0,0,0,0,0,0,0,0,0
170,10.1007/978-3-540-24581-0_42,0,0,0,0,0,0,0,0,0,0,0,0,0,0,0,0,0,0
171,10.3233/icg-2006-29305,0,0,0,0,0,0,0,0,1,0,0,0,0,0,0,0,0,0
172,10.1007/bf01068141,0,0,0,0,0,0,0,0,0,0,0,0,1,0,0,0,0,0
173,10.1056/nejmoa022252,0,0,0,0,0,0,0,0,0,0,0,0,0,0,0,0,0,0
174,10.1109/tkde.2003.1198402,0,0,0,0,0,0,0,0,0,0,0,0,0,0,0,0,0,0
175,10.1007/978-1-4757-1968-0_28,0,0,0,0,0,0,0,0,0,0,0,0,0,0,0,0,0,0
176,10.1037/e524912015-210,0,0,0,0,0,0,0,0,0,0,0,0,0,0,1,0,0,0
177,10.2307/30039042,0,0,0,0,0,0,0,0,0,0,0,0,0,0,1,0,0,0
178,10.1353/ems.2005.0001,0,0,0,0,0,0,0,0,0,0,0,0,0,0,0,0,0,0
179,10.1007/978-3-540-24650-3_1,0,0,0,1,0,0,0,0,0,0,0,0,0,0,0,0,0,0
180,10.4000/socio-anthropologie.175,0,0,0,0,0,0,0,0,0,0,0,0,1,0,0,0,0,0
181,10.1109/csac.2005.36,0,0,0,0,0,0,0,0,0,0,0,0,0,0,0,0,0,0
182,10.1515/physiko.41.8,0,0,0,0,0,0,0,0,0,0,0,0,0,0,0,0,0,0
183,10.1007/11674399_17,0,0,0,0,0,0,0,0,0,0,0,0,0,0,0,0,0,0
184,10.1109/asonam.2018.8508410,0,0,0,0,0,0,0,0,0,0,0,0,0,0,0,0,0,0
185,10.1111/j.0956-7976.2004.00699.x,0,0,0,0,0,0,0,0,0,0,0,0,0,0,0,0,0,0
186,10.3233/icg-2004-27403,0,0,0,0,0,0,0,0,0,0,0,0,0,0,0,0,0,0
187,10.1080/09541440340000349,0,0,0,0,0,0,0,0,0,0,0,0,0,0,1,0,0,0
188,10.2307/3549589,0,0,0,0,0,0,0,0,0,0,0,0,0,0,0,0,0,0
189,10.4000/books.cvz.7748,0,0,0,0,0,0,0,0,0,0,0,0,0,0,0,0,0,0
190,10.3917/herm.dauvo.2016.01.0133,0,0,0,0,0,0,0,0,0,0,0,0,1,0,0,0,0,0
191,10.1201/9781315365169,0,0,0,0,0,0,0,0,0,0,0,0,0,0,0,0,0,0
192,10.1145/1185448.1185463,0,0,0,0,0,0,0,0,0,0,0,0,0,0,0,0,0,0
193,10.2139/ssrn.2693930,0,0,0,0,0,0,0,0,0,0,0,0,0,0,0,0,0,0
194,10.1145/1014052.1014066,0,0,0,0,0,0,0,0,0,0,0,0,0,0,0,0,0,0
195,10.1109/ipdps.2004.1302962,0,0,0,0,0,0,0,0,0,0,0,0,0,0,0,0,0,0
196,10.1007/978-3-540-30117-2_101,0,0,0,0,0,0,0,0,0,0,0,0,0,0,0,0,0,0
197,10.1007/11922155_1,0,0,0,0,0,0,0,0,0,0,0,0,0,0,0,0,0,0
198,10.1109/jproc.2004.837633,0,0,0,0,0,0,0,0,0,0,0,0,0,0,1,0,0,0
199,10.3233/icg-2005-28303,0,0,0,0,0,0,0,0,0,0,0,0,0,0,0,0,0,0
200,10.1109/cec.2004.1331063,0,0,0,0,0,0,0,0,0,0,0,0,0,0,0,0,0,0
201,10.1109/cig.2006.311675,0,0,0,0,0,0,0,0,0,0,0,0,0,0,0,0,0,0
202,10.3115/1218955.1218999,0,0,1,0,0,0,0,0,0,0,0,0,0,0,0,0,0,0
203,10.1109/tmlcn.2025.3534139,0,0,0,0,0,0,0,0,0,0,0,0,0,0,0,0,0,0
204,10.1207/s15327744joce1603&4_9,0,0,0,0,0,0,0,0,0,0,0,0,0,0,0,0,0,0
205,10.1002/acp.1110,0,0,0,0,0,0,0,0,0,0,0,0,0,0,0,0,0,0
206,10.1007/978-3-540-30463-0_26,0,0,0,0,0,0,0,0,0,0,0,0,0,0,0,0,0,0
207,10.4018/jec.2005070102,0,0,0,0,0,0,0,0,0,0,0,0,0,0,0,0,0,0
208,10.3233/icg-2000-23103,0,0,0,0,0,0,0,0,0,0,0,0,0,0,0,0,0,0
209,10.1017/s0263574703005575,0,0,0,0,0,0,0,0,0,0,0,0,0,0,1,0,0,0
210,10.3233/ica-2010-0332,0,0,0,0,0,0,0,0,0,0,0,0,0,0,1,0,0,0
211,10.32388/lz4rqe,0,0,0,0,0,0,0,0,0,0,0,0,0,0,0,0,0,0
212,10.1080/21552983.1925.9957577,0,0,0,0,0,0,0,0,0,0,0,0,0,0,0,0,0,0
213,10.3115/1220355.1220404,0,0,0,0,0,0,0,0,0,0,0,0,0,0,1,0,0,0
214,10.1007/11424918_9,0,0,0,0,0,0,0,0,0,0,0,0,0,0,0,0,0,0
215,10.1007/978-3-540-30140-0_66,0,0,0,0,0,0,0,0,0,0,0,0,0,0,0,0,0,0
216,10.1016/j.tcs.2002.10.004,0,0,0,0,0,0,0,0,0,0,0,0,0,0,0,0,0,0
217,10.1007/978-3-7643-8858-4_24,0,0,0,0,0,0,0,0,0,0,0,0,0,0,0,0,0,0
218,10.1145/1178477.1178572,0,0,0,0,0,0,0,0,0,0,0,0,0,0,0,0,0,0
219,10.1109/tevc.2004.826070,0,0,0,0,0,0,0,0,0,0,0,0,0,0,0,0,0,0
220,10.1201/9781003305835-8,0,0,0,0,0,0,0,0,0,0,0,0,0,0,0,0,0,0
221,10.1145/1027933.1027994,0,0,0,0,0,0,0,0,0,0,0,0,0,0,0,0,0,0
222,10.1353/shq.2004.0055,0,0,0,0,0,0,0,0,0,0,0,0,0,0,0,0,0,0
223,10.1109/icws.2004.1314812,0,0,0,0,0,0,0,0,0,0,0,0,0,0,0,0,0,0
224,10.1109/icsmc.2004.1399798,0,0,0,0,0,0,0,0,0,0,0,0,0,0,0,0,0,0
225,10.19153/cleiej.7.2.2,0,0,0,0,0,0,0,0,0,0,0,0,0,0,0,0,0,0
226,10.1109/mspec.2004.1265120,0,0,0,0,0,0,0,0,0,0,0,0,0,0,0,0,0,0
227,10.1080/09541440340000501,0,0,0,0,0,0,0,0,0,0,0,0,0,0,0,0,0,0
228,10.1109/hicss.1991.184013,0,0,0,0,0,0,0,0,0,0,0,0,0,0,0,0,0,0
229,10.2307/j.ctv160bt1f,0,0,0,1,0,0,0,0,0,0,0,0,0,0,0,0,0,0
230,10.1109/ijcnn.1999.830745,0,0,0,0,0,0,0,0,0,0,0,0,0,0,0,0,0,0
231,10.1177/107621759702000110,0,0,0,0,0,0,0,0,0,0,0,0,0,0,0,0,0,0
232,10.1007/978-3-540-30133-2_80,0,0,0,0,0,0,0,0,0,0,0,0,0,0,0,0,0,0
233,10.3233/icg-2004-27203,0,0,0,0,0,0,0,0,0,0,0,0,0,0,0,0,0,0
234,10.2298/yjor0702257v,0,0,0,0,0,0,0,0,0,0,0,0,0,0,0,0,0,0
235,10.3233/icg-2004-27102,0,0,0,0,0,0,0,0,0,0,0,0,0,0,0,0,0,0
236,10.1163/9789004601406_008,0,0,0,0,0,0,0,0,0,0,0,0,0,0,0,0,0,0
237,10.1080/07481188308252145,0,0,0,0,0,0,0,0,0,0,0,0,0,0,0,0,0,0
238,10.3233/icg-2005-28106,0,0,0,0,0,0,0,0,0,0,0,0,0,0,0,0,0,0
239,10.1016/j.tcs.2005.09.044,0,0,0,0,0,0,0,0,1,0,0,0,0,0,0,0,0,0
240,10.1080/13554790490896875,0,0,0,0,0,0,0,0,0,0,0,0,0,0,0,0,0,0
241,10.1016/j.tcs.2005.09.043,0,0,0,0,0,0,0,0,1,0,0,0,0,0,0,0,0,0
242,10.3166/ria.15.143-172,0,0,0,0,0,0,0,0,0,0,0,0,0,0,0,0,0,0
243,10.1089/omi.2005.9.225,0,0,0,0,0,0,0,0,0,0,0,0,0,0,0,0,0,0
244,10.1017/s1138741600005126,0,0,0,0,0,0,0,0,0,0,0,0,0,0,0,0,0,0
245,10.1007/11573425_2,0,0,0,0,0,0,0,0,0,0,0,0,0,0,0,0,0,0
246,10.1007/11510154_3,0,0,0,0,0,0,0,0,0,0,0,0,0,0,0,0,0,0
247,10.1002/acp.1106,0,0,0,0,0,0,0,0,0,0,0,0,0,0,0,0,0,0
248,10.37236/1895,0,0,0,0,0,0,0,0,0,0,0,0,0,0,0,0,0,0
249,10.1002/acp.1109,0,0,0,0,0,0,0,0,0,0,0,0,0,0,0,0,0,0
250,10.1017/cbo9780511804823.018,0,0,0,0,0,0,0,0,0,0,0,0,0,0,0,0,0,0
251,10.2466/pr0.1965.17.2.649,0,0,0,0,0,0,0,0,0,0,0,0,0,0,0,0,0,0
252,10.1016/0920-5632(88)90338-6,0,0,0,0,0,0,0,0,0,0,0,0,0,0,0,0,0,0
253,10.1007/s10055-005-0151-7,0,0,0,0,0,0,0,0,0,0,0,0,0,0,0,0,0,0
254,10.37236/1896,0,0,0,0,0,0,0,0,0,0,0,0,0,0,0,0,0,0
255,10.1002/acp.1111,0,0,0,0,0,0,0,0,0,0,0,0,0,0,1,0,0,0
256,10.1007/s11245-005-5090-0,0,0,0,0,0,0,0,0,0,0,0,0,0,0,0,0,0,0
257,10.1080/03610730601006305,0,0,0,0,0,0,0,0,0,0,0,0,0,0,0,0,0,0
258,10.5840/eip20056119,0,0,0,0,0,0,0,0,0,0,0,0,0,0,1,0,0,0
259,10.1016/j.jspi.2003.09.022,0,0,0,0,0,0,0,0,0,0,0,0,0,0,0,0,0,0
260,10.1145/1486508.1486516,0,0,0,0,0,0,0,0,0,0,0,0,0,0,0,0,0,0
261,10.1007/s00170-003-1960-z,0,0,0,0,0,0,0,0,0,0,0,0,0,1,0,0,0,0
262,10.1007/11558651_38,0,0,0,0,0,0,0,0,0,0,0,0,0,0,0,0,0,0
263,10.3233/icg-2004-27402,0,0,0,0,0,0,0,0,0,0,0,0,0,0,0,0,0,0
264,10.5422/fso/9780823226627.003.0022,0,0,0,0,0,0,0,0,0,0,0,0,0,0,0,0,0,0
265,10.1016/j.paid.2004.04.013,0,0,0,0,0,0,0,0,0,0,0,0,0,0,0,0,0,0
266,10.1017/s0021932004006868,0,0,0,0,0,0,0,0,0,0,0,0,0,0,0,0,0,0
267,10.1109/iscit.2005.1567095,0,0,0,0,0,0,0,0,0,0,0,0,0,0,0,0,0,0
268,10.1007/978-3-319-97238-1_10,0,0,0,0,0,0,0,0,0,0,0,0,0,0,0,0,0,0
269,10.4324/9781003441861,0,0,0,0,0,0,0,0,0,0,0,0,0,0,1,0,0,0
270,10.1145/1056808.1056954,0,0,0,0,0,0,0,0,0,0,0,0,0,0,0,0,0,0
271,10.1007/11536406_31,0,0,0,0,0,0,0,0,0,0,0,0,0,0,0,0,0,0
272,10.1007/11590323_28,0,0,0,0,0,0,0,0,0,0,0,0,0,0,0,0,0,0
273,10.3233/icg-2005-28202,0,0,0,1,0,0,0,0,0,0,0,0,0,0,0,0,0,0
274,10.1016/j.tcs.2005.09.048,0,0,0,0,0,0,0,0,0,0,0,0,0,0,0,0,0,0
275,10.1007/s11023-005-5045-7,0,0,0,0,0,0,0,0,0,0,0,0,0,0,0,0,0,0
276,10.1109/indin.2004.1417303,0,0,0,0,0,0,0,0,0,0,0,0,0,0,0,0,0,0
277,10.1007/11922155_16,0,0,0,0,0,0,0,0,0,0,0,0,0,0,0,0,0,0
278,10.1109/wcre.2004.5,0,0,0,0,0,0,0,0,0,0,0,0,0,0,0,0,0,0
279,10.1007/11555261_17,0,0,0,0,0,0,0,0,0,0,0,0,0,0,0,0,0,0
280,10.1080/09528130500283998,0,0,0,0,0,0,0,0,0,0,0,0,0,0,0,0,0,0
281,10.1093/nq/192.23.492,0,0,0,0,0,0,0,0,0,0,0,0,0,0,0,0,0,0
282,10.1007/11861201_4,0,0,0,0,0,0,0,0,0,0,0,0,0,0,0,0,0,0
283,10.1007/s00182-005-0197-5,0,0,0,0,0,0,0,0,0,0,0,0,0,0,0,0,0,0
284,10.1007/11589990_23,0,0,0,0,0,0,0,0,0,0,0,0,0,0,0,0,0,0
285,10.1016/j.ejor.2005.10.026,0,0,0,0,0,0,0,0,0,0,0,0,0,0,0,0,0,0
286,10.1016/j.paid.2004.10.005,0,0,0,0,0,0,0,0,0,0,0,0,0,0,1,0,0,0
287,10.3233/icg-2005-28402,0,0,0,0,0,0,0,0,0,0,0,0,0,0,0,0,0,0
288,10.1109/telsks.2007.4376036,0,0,0,0,0,0,0,0,0,0,0,0,0,0,0,0,0,0
289,10.4236/jilsa.2010.22009,0,0,0,0,0,0,0,0,0,0,0,0,0,0,0,0,0,0
290,10.1007/11551201_17,0,0,0,0,0,0,0,0,0,0,0,0,0,0,0,0,0,0
291,10.1007/11540007_155,0,0,0,0,0,0,0,0,0,0,0,0,0,0,1,0,0,0
292,10.1027/0269-8803.20.4.253,0,0,0,0,0,0,0,0,0,0,0,0,0,0,0,0,0,0
293,10.1145/1143844.1143851,0,0,0,0,0,0,0,0,0,0,0,0,0,0,0,0,0,0
294,10.1007/978-3-540-68830-3_12,0,0,0,0,0,0,0,0,0,0,0,0,0,0,0,0,0,0
295,10.1016/j.sigpro.2006.04.001,0,0,0,0,0,0,0,0,0,0,0,0,0,0,1,0,0,0
296,10.2139/ssrn.871186,0,0,0,0,0,0,0,0,0,0,0,0,0,0,0,0,0,0
297,10.1007/978-3-540-75755-9_128,0,0,0,0,0,0,0,0,0,0,0,0,0,0,0,0,0,0
298,10.1017/cbo9780511816796.010,0,0,0,0,0,0,0,0,0,0,0,0,0,0,0,0,0,0
299,10.1017/cbo9780511816796.002,0,0,0,0,0,0,0,0,0,0,0,0,0,0,0,0,0,0
300,10.1163/157007306778552764,0,0,0,0,0,0,0,0,0,0,0,0,0,0,0,0,0,0
301,10.1109/isda.2006.225,0,0,0,0,0,0,0,0,0,0,0,0,0,0,0,0,0,0
302,10.1007/11674399_9,0,0,0,0,0,0,0,0,0,0,0,0,0,0,0,0,0,0
303,10.1080/17470210500151428,0,0,0,0,0,0,0,0,0,0,0,0,0,0,1,0,0,0
304,10.1109/cig.2006.311706,0,0,0,0,0,0,0,0,0,0,0,0,0,0,1,0,0,0
305,10.1145/1160633.1160907,0,0,0,0,0,0,0,0,0,0,0,0,0,0,0,0,0,0
306,10.1007/11922155_12,0,0,0,0,0,0,0,0,0,0,0,0,0,0,0,0,0,0
307,10.1109/cig.2006.311702,0,0,0,0,0,0,0,0,0,0,0,0,0,0,0,0,0,0
308,10.1016/j.brainresbull.2006.02.009,0,0,0,0,0,0,0,0,0,0,0,0,0,0,0,0,0,0
309,10.1016/j.actpsy.2006.07.008,0,0,0,0,0,0,0,0,0,0,0,0,0,0,0,0,0,0
310,10.1093/oxfordhb/9780199841547.013.47,0,0,0,0,0,0,0,0,0,0,0,0,0,0,0,0,0,0
311,10.1007/978-3-540-75538-8_1,0,0,0,0,0,0,0,0,0,0,0,0,0,0,0,0,0,0
312,10.1007/s12220-022-01131-7,0,0,0,0,0,0,0,0,0,0,0,0,0,0,0,0,0,0
313,10.1109/mis.2017.2581331,0,0,0,0,0,0,0,0,0,0,0,0,0,0,0,0,0,0
314,10.1016/j.cose.2005.12.001,0,0,0,0,0,0,0,0,0,0,0,0,0,0,0,0,0,0
315,10.32388/mggpgz,0,0,0,0,0,0,0,0,0,0,0,0,0,0,1,0,0,0
316,10.3758/bf03193903,0,0,0,0,0,0,0,0,0,0,0,0,0,0,0,0,0,0
317,10.1109/mcse.2006.2,0,0,0,0,0,0,0,0,0,0,0,0,0,0,0,0,0,0
318,10.3233/icg-2005-28406,0,0,0,0,0,0,0,0,0,0,0,0,0,0,0,0,0,0
319,10.1007/11922155_11,0,0,0,0,0,0,0,0,0,0,0,0,0,0,0,0,0,0
320,10.33776/amc.v48i177.7204,0,0,0,0,0,0,0,0,0,0,0,0,0,0,0,0,0,0
321,10.5840/jh2006924,0,0,0,0,0,0,0,0,0,0,0,0,0,0,0,0,0,0
322,10.1080/0379772850100303,0,0,0,0,0,0,0,0,0,0,0,0,0,0,0,0,0,0
323,10.1145/1329125.1329359,0,0,0,0,0,0,0,0,0,0,0,0,0,0,0,0,0,0
324,10.1007/11871842_29,0,0,0,0,0,0,0,0,0,0,0,0,0,0,0,0,0,0
325,10.3280/hm2013-013002,0,0,0,1,0,0,0,0,0,0,0,0,0,0,0,0,0,0
326,10.1145/1143997.1144144,0,0,0,0,0,0,0,0,0,0,0,0,0,0,0,0,0,0
327,10.1093/comjnl/bxm025,0,0,0,0,0,0,0,0,0,0,0,0,0,0,0,0,0,0
328,10.1109/cig.2006.311708,0,0,0,0,0,0,0,0,0,0,0,0,0,0,0,0,0,0
329,10.1109/mci.2006.1597057,0,0,0,0,0,0,0,0,0,0,0,0,0,0,0,0,0,0
330,10.1016/j.artint.2006.01.006,0,0,0,0,0,0,0,0,0,0,0,0,0,0,0,0,0,0
331,10.1017/s1352325206070121,0,0,0,0,0,0,0,0,0,0,0,0,0,0,0,0,0,0
332,10.1007/11893318_37,0,0,0,0,0,0,0,0,0,0,0,0,0,0,0,0,0,0
333,10.1109/wmte.2006.261338,0,0,0,0,0,0,0,0,0,0,0,0,0,0,0,0,0,0
334,10.2139/ssrn.905612,0,0,0,0,0,0,0,0,0,0,0,0,1,0,0,0,0,0
335,10.1680/dmp.41141.141,0,0,0,0,0,0,0,0,0,0,0,0,0,0,0,0,0,0
336,10.1609/aaai.v26i1.8146,0,0,0,0,0,0,0,0,0,0,0,0,0,0,0,0,0,0
337,10.1109/iccis.2006.252366,0,0,0,0,0,0,0,0,0,0,0,0,0,0,0,0,0,0
338,10.22459/cscw.08.2006.05,0,0,0,0,0,0,0,0,0,0,0,0,0,0,0,0,0,0
339,10.1007/11803089_1,0,0,0,0,0,0,0,0,0,0,0,0,0,0,0,0,0,0
340,10.1257/aer.99.4.1619,0,0,0,0,0,0,0,0,0,0,0,0,0,0,0,0,0,0
341,10.1201/9781420011012.ch3.1,0,0,0,0,0,0,0,0,0,0,0,0,0,0,0,0,0,0
342,10.1109/synasc.2006.25,0,0,0,0,0,0,0,0,0,0,0,0,0,0,0,0,0,0
343,10.2307/3656101,0,0,0,0,0,0,0,0,0,0,0,0,0,0,0,0,0,0
344,10.4324/9781003467557-1,0,0,0,0,0,0,0,0,0,0,0,0,0,0,0,0,0,0
345,10.1007/s10994-006-6747-7,0,0,0,0,0,0,0,0,0,0,0,0,0,0,0,0,0,0
346,10.1007/978-3-540-75538-8_15,0,0,0,0,0,0,0,0,0,0,0,0,0,0,0,0,0,0
347,10.1007/978-3-540-75538-8_2,0,0,0,0,0,0,0,0,0,0,0,0,0,0,0,0,0,0
348,10.1111/j.1745-6916.2006.00005.x,0,0,0,0,0,0,0,0,0,0,0,0,0,0,0,0,0,0
349,10.1214/088342306000000574,0,0,0,0,0,0,0,0,0,0,0,0,0,0,0,0,0,0
350,10.7202/802968ar,0,0,0,0,0,0,0,0,0,0,0,0,0,0,0,0,0,0
351,10.21236/ada424493,0,0,0,0,0,0,0,0,0,0,0,0,0,0,0,0,0,0
352,10.1145/1143844.1143954,0,0,0,0,0,0,0,0,0,0,0,0,0,0,0,0,0,0
353,10.1007/978-3-540-74124-4_15,0,0,0,0,0,0,0,0,0,0,0,0,0,0,1,0,0,0
354,10.1016/j.aam.2006.11.005,0,0,0,0,0,0,0,0,0,0,0,0,0,0,0,0,0,0
355,10.1348/000712605x71407,0,0,0,0,0,0,0,0,0,0,0,0,0,0,0,0,0,0
356,10.1007/11736639_87,0,0,0,0,0,0,0,0,0,0,0,0,0,0,0,0,0,0
357,10.1007/11674399_10,0,0,0,0,0,0,0,0,0,0,0,0,0,0,0,0,0,0
358,10.1007/11922155_13,0,0,0,0,0,0,0,0,0,0,0,0,0,0,0,0,0,0
359,10.1016/j.cedpsych.2006.01.001,0,0,0,0,0,0,0,0,1,0,0,0,0,0,0,0,0,0
360,10.1007/978-3-658-41273-9_8,0,0,0,0,0,0,0,0,0,0,0,0,0,0,0,0,0,0
361,10.1016/j.intell.2006.09.005,0,0,0,0,0,0,0,0,0,0,0,0,0,0,0,0,0,0
362,10.1016/j.paid.2006.08.025,0,0,0,0,0,0,0,0,0,0,0,0,0,0,1,0,0,0
363,10.1016/j.cogpsych.2007.02.001,0,0,0,0,0,0,0,0,0,0,0,0,0,0,0,0,0,0
364,10.1103/physrevlett.103.218701,0,0,0,0,0,0,0,0,0,0,0,0,0,0,0,0,0,0
365,10.1109/tciaig.2010.2048711,0,0,0,0,0,0,0,0,0,0,0,0,0,0,0,0,0,0
366,10.1145/1330598.1330615,0,0,0,0,0,0,0,0,0,0,0,0,0,0,1,0,0,0
367,10.1016/j.knosys.2011.08.008,0,0,0,0,0,0,0,0,0,0,0,0,0,0,0,0,0,0
368,10.1016/j.lindif.2007.11.006,0,0,0,0,0,0,0,0,0,0,0,0,0,0,0,0,0,0
369,10.1007/978-1-137-57196-0_7,0,0,0,0,0,0,0,0,0,0,0,0,0,0,0,0,0,0
370,10.3233/icg-2008-31303,0,0,0,0,0,0,0,0,0,0,0,0,0,0,0,0,0,0
371,10.1007/978-3-540-87608-3_6,0,0,0,0,0,0,0,0,0,0,0,0,0,0,0,0,0,0
372,10.1016/j.artint.2024.104200,0,0,0,0,0,0,0,0,0,0,0,0,0,0,0,0,0,0
373,10.3233/icg-2007-30102,0,0,0,0,0,0,0,0,0,0,0,0,0,0,0,0,0,0
374,10.1145/1660877.1660897,0,0,0,0,0,0,0,0,0,0,0,0,0,0,0,0,0,0
375,10.1016/j.patrec.2007.06.013,0,0,0,0,0,0,0,0,0,0,0,0,0,0,0,0,0,0
376,10.1080/17470210701503344,0,0,0,0,0,0,0,0,0,0,0,0,0,0,0,0,0,0
377,10.4018/9781591404620.ch001,0,0,0,0,0,0,0,0,0,0,0,0,0,0,0,0,0,0
378,10.1145/1273496.1273531,0,0,0,0,0,0,0,0,0,0,0,0,0,0,0,0,0,0
379,10.1037/0012-1649.43.1.159,0,0,0,0,0,0,0,0,0,0,0,0,0,0,1,0,0,0
380,10.1017/s0021932007002222,0,0,0,0,0,0,0,0,0,0,0,0,0,0,0,0,0,0
381,10.3233/icg-2007-30203,0,0,0,0,0,0,0,0,0,0,0,0,0,0,0,0,0,0
382,10.1007/978-3-540-71605-1_8,0,0,0,0,0,0,0,0,0,0,0,0,0,0,0,0,0,0
383,10.1109/mspec.2007.4337666,0,0,0,0,0,0,0,0,0,0,0,0,0,0,0,0,0,0
384,10.1093/comjnl/bxm060,0,0,0,0,0,0,0,0,0,0,0,0,0,0,0,0,0,0
385,10.1134/s1054661807040268,0,0,0,0,0,0,1,0,0,0,0,0,0,0,0,0,0,0
386,10.12988/imf.2007.07310,0,0,0,0,0,0,0,0,0,0,0,0,0,0,0,0,0,0
387,10.1177/1354856507081951,0,0,0,0,0,0,0,0,0,0,0,0,0,0,1,0,0,0
388,10.3233/icg-1986-9111,0,0,0,0,0,0,0,0,0,0,0,0,0,0,1,0,0,0
389,10.1080/03640210701703725,0,0,0,0,0,0,0,0,0,0,0,0,0,0,0,0,0,0
390,10.1002/ejsp.440,0,0,0,0,0,0,0,0,0,0,0,0,0,0,0,0,0,0
391,10.1137/140965715,0,0,0,0,0,0,0,0,0,0,0,0,0,0,0,0,0,0
392,10.1109/cig.2007.368121,0,0,0,0,0,0,0,0,0,0,0,0,0,0,0,0,0,0
393,10.1109/3dui.2007.340787,0,0,0,0,0,0,0,0,0,0,0,0,0,0,0,0,0,0
394,10.1016/j.scico.2007.01.006,0,0,0,0,0,0,0,0,0,0,0,0,0,0,0,0,0,0
395,10.1037/0882-7974.22.2.291,0,0,0,0,0,0,0,0,0,0,0,0,0,0,0,0,0,0
396,10.1109/icmla.2007.48,0,0,0,0,0,0,0,0,0,0,0,0,0,0,0,0,0,0
397,10.1109/tsmcc.2007.897326,0,0,0,0,0,0,0,0,0,0,0,0,0,0,0,0,0,0
398,10.1017/s0034670508000211,0,0,0,0,0,0,0,0,0,0,0,0,0,0,0,0,0,0
399,10.1007/s00426-006-0076-0,0,0,0,0,0,0,0,0,0,0,0,0,0,0,0,0,0,0
400,10.2139/ssrn.1135903,0,0,0,0,0,0,0,0,0,0,0,0,0,0,0,0,0,0
401,10.1016/j.cognition.2008.05.005,0,0,0,0,0,0,0,0,0,0,0,0,0,0,0,0,0,0
402,10.1145/1344471.1344514,0,0,0,0,0,0,0,0,0,0,0,0,0,0,0,0,0,0
403,10.5220/0010715400003061,0,0,0,0,0,0,0,0,0,0,0,0,0,0,0,0,0,0
404,10.1080/01972240701883922,0,0,0,0,0,0,0,0,0,0,0,0,0,0,0,0,0,0
405,10.1080/17470210701781155,0,0,0,0,0,0,0,0,0,0,0,0,0,0,1,0,0,0
406,10.1016/j.jmateco.2008.03.002,0,0,0,0,0,0,0,0,0,0,0,0,0,0,0,0,0,0
407,10.1109/isabel.2008.4712592,0,0,0,0,0,0,0,0,0,0,0,0,0,0,0,0,0,0
408,10.1142/9789812709677_0246,0,0,0,0,0,0,0,0,0,0,0,0,0,0,0,0,0,0
409,10.1109/cig.2008.5035660,0,0,0,0,0,0,0,0,0,0,0,0,0,0,0,0,0,0
410,10.1145/1536513.1536560,0,0,0,0,0,0,0,0,0,0,0,0,1,0,0,0,0,0
411,10.1007/978-3-540-87608-3_11,0,0,0,0,0,0,0,0,0,0,0,0,0,0,0,0,0,0
412,10.1007/978-1-349-21302-3_4,0,0,0,1,0,0,0,0,0,0,0,0,0,0,0,0,0,0
413,10.1109/saint.2008.101,0,0,0,0,0,0,0,0,0,0,0,0,0,0,0,0,0,0
414,10.1109/his.2008.159,0,0,0,0,0,0,0,0,0,0,0,0,0,0,0,0,0,0
415,10.1109/cec.2008.4631299,0,0,0,0,0,0,0,0,0,0,0,0,0,0,0,0,0,0
416,10.1111/j.1553-2712.2008.00227.x,0,0,0,0,0,0,0,0,0,0,0,0,0,0,0,0,0,0
417,10.1109/ijcnn.2008.4634098,0,0,0,0,0,0,0,0,0,0,0,0,0,0,0,0,0,0
418,10.54870/1551-3440.1105,0,0,0,0,0,0,0,0,0,0,0,0,0,0,0,0,0,0
419,10.1007/978-3-642-01648-6_40,0,0,0,0,0,0,0,0,0,0,0,0,0,0,0,0,0,0
420,10.1007/978-3-540-87608-3_16,0,0,0,0,0,0,0,0,0,0,0,0,0,0,0,0,0,0
421,10.1007/978-3-540-87608-3_18,0,0,0,0,0,0,0,0,0,0,0,0,0,0,0,0,0,0
422,10.3103/s0278641908030102,0,0,0,0,1,0,0,0,0,0,0,0,0,0,0,0,0,0
423,10.1007/978-3-540-85451-7_62,0,0,0,0,0,0,0,0,0,0,0,0,0,0,0,0,0,0
424,10.1007/978-3-540-87608-3_20,0,0,0,0,0,0,0,0,0,0,0,0,0,0,0,0,0,0
425,10.61426/sjbcm.v7i2.1615,0,0,0,0,0,0,0,0,0,0,0,0,0,0,1,0,0,0
426,10.1109/ccdc.2008.4598343,0,0,0,0,0,0,0,0,1,0,0,0,0,0,0,0,0,0
427,10.1007/s11633-008-0045-8,0,0,0,0,0,0,0,0,0,0,0,0,0,0,0,0,0,0
428,10.1007/s00521-006-0080-8,0,0,0,0,0,0,0,0,0,0,0,0,0,0,1,0,0,0
429,10.1007/978-3-540-78808-9_8,0,0,0,0,0,0,0,0,0,0,0,0,0,0,0,0,0,0
430,10.1111/j.1533-8525.2007.00110.x,0,0,0,0,0,0,0,0,0,0,0,0,0,0,0,0,0,0
431,10.1016/j.ijhcs.2011.04.001,0,0,0,0,0,0,0,0,0,0,0,0,0,0,0,0,0,0
432,10.1109/aqtr.2008.4588846,0,0,0,0,0,0,0,0,0,0,0,0,0,0,0,0,0,0
433,10.1007/978-1-4757-2733-3,0,0,0,0,0,0,0,0,0,0,0,0,0,0,0,0,0,0
434,10.1109/ems.2008.44,0,0,0,0,0,0,0,0,0,0,0,0,0,0,1,0,0,0
435,10.1109/isspit.2008.4775676,0,0,0,0,0,0,0,0,0,0,0,0,0,0,0,0,0,0
436,10.1145/1389095.1389382,0,0,0,0,0,0,0,0,0,0,0,0,0,0,0,0,0,0
437,10.1007/978-3-540-87608-3_19,0,0,0,0,0,0,0,0,0,0,0,0,0,0,0,0,0,0
438,10.1007/s00421-008-0908-2,0,0,0,0,0,0,0,0,0,0,0,0,0,0,1,0,0,0
439,10.2991/jcis.2008.120,0,0,0,0,0,0,0,0,0,0,0,0,0,0,0,0,0,0
440,10.1109/ccdc.2008.4598325,0,0,0,0,0,0,0,0,0,0,0,0,0,0,0,0,0,0
441,10.1109/wcica.2008.4594469,0,0,0,0,0,0,0,0,0,0,0,0,0,0,0,0,0,0
442,10.1348/000712608x295631,0,0,0,0,0,0,0,0,0,0,0,0,0,0,0,0,0,0
443,10.1016/j.ipl.2008.07.001,0,0,0,0,0,0,0,0,0,0,0,0,0,0,0,0,0,0
444,10.1016/b978-0-08-102969-5.00005-7,0,0,0,0,0,0,0,0,0,0,0,0,0,0,0,0,0,0
445,10.1007/bf03024610,0,0,0,0,0,0,0,0,0,0,0,0,0,0,0,0,0,0
446,10.1111/j.1551-6709.2009.01046.x,0,0,0,0,0,0,0,0,0,0,0,0,0,0,0,0,0,0
447,10.1098/rspb.2008.1576,0,0,0,0,0,0,0,0,0,0,0,0,0,0,0,0,0,0
448,10.1016/j.artint.2008.10.008,0,0,0,0,0,0,0,0,0,0,0,0,0,0,0,0,0,0
449,10.1016/j.jcrc.2009.04.003,0,0,0,0,0,0,0,0,0,0,0,0,0,0,0,0,0,0
450,10.1609/aimag.v30i3.2255,0,0,0,0,0,0,0,0,0,0,0,0,0,0,0,0,0,0
451,10.1016/j.artint.2010.04.017,0,0,0,0,0,0,0,0,0,0,0,0,0,0,0,0,0,0
452,10.1007/978-3-642-12993-3_13,0,0,0,0,0,0,0,0,1,0,0,0,0,0,0,0,0,0
453,10.1016/j.entcom.2009.06.001,0,0,0,0,0,0,0,0,0,0,0,0,0,0,0,0,0,0
454,10.1016/j.schres.2008.09.024,0,0,0,0,0,0,0,0,0,0,0,0,0,0,0,0,0,0
455,10.1109/cidm.2009.4938634,0,0,0,0,0,0,0,0,0,0,0,0,1,0,0,0,0,0
456,10.2307/jj.2711680.8,0,0,0,0,0,0,0,0,0,0,0,0,0,0,0,0,0,0
457,10.1007/978-3-642-12993-3_18,0,0,0,0,0,0,0,0,0,0,0,0,0,0,0,0,0,0
458,10.3233/icg-2008-31302,0,0,0,0,0,0,0,0,0,0,0,0,0,0,0,0,0,0
459,10.1353/vpr.0.0088,0,0,0,0,0,0,0,0,0,0,0,0,0,0,1,0,0,0
460,10.1007/978-3-642-12993-3_10,0,0,0,0,0,0,0,0,0,0,0,0,0,0,0,0,0,0
461,10.3758/mc.37.2.194,0,0,0,0,0,0,0,0,0,0,0,0,0,0,0,0,0,0
462,10.1007/978-3-642-12993-3_20,0,0,0,0,0,0,0,0,0,0,0,0,0,0,0,0,0,0
463,10.1111/j.1551-6709.2009.01086.x,0,0,0,0,0,0,0,0,0,0,0,0,0,0,0,0,0,0
464,10.1007/978-1-4612-5204-7,0,0,0,0,0,0,0,0,0,0,0,0,0,0,0,0,0,0
465,10.1016/j.plrev.2008.12.001,0,0,0,0,0,0,0,0,0,0,0,0,0,0,0,0,0,0
466,10.1037/e527342012-625,0,0,0,0,0,0,0,0,0,0,0,0,0,0,0,0,0,0
467,10.1109/computationworld.2009.66,0,0,0,0,0,0,0,0,0,0,0,0,0,0,0,0,0,0
468,10.2991/agi.2009.17,0,0,0,0,0,0,0,0,0,0,0,0,0,0,0,0,0,0
469,10.1109/energytech.2013.6645284,0,0,0,0,0,0,0,0,0,0,0,0,0,0,0,0,0,0
470,10.1504/ijaisc.2011.042711,0,0,0,0,0,0,0,0,0,0,0,0,0,0,0,0,0,0
471,10.1016/j.cor.2007.11.009,0,0,0,0,0,0,0,0,0,0,0,0,0,0,0,0,0,0
472,10.1016/j.neubiorev.2008.09.005,0,0,0,0,0,0,0,0,0,0,0,0,0,0,0,0,0,0
473,10.1109/tciaig.2009.2019632,0,0,0,0,0,0,0,0,0,0,0,0,0,0,0,0,0,0
474,10.1080/10926480802568463,0,0,0,0,0,0,0,0,0,0,0,0,0,0,1,0,0,0
475,10.1163/18722636-12341274,0,0,0,0,0,0,0,0,0,0,0,0,0,0,1,0,0,0
476,10.1007/978-3-642-12993-3_11,0,0,0,0,0,0,0,0,0,0,0,0,0,0,0,0,0,0
477,10.1007/s13174-010-0008-5,0,0,0,0,0,0,0,0,0,0,0,0,0,0,0,0,0,0
478,10.1007/s10519-009-9260-5,0,0,0,0,0,0,0,0,0,0,0,0,0,0,0,0,0,0
479,10.1016/j.ergon.2008.12.003,0,0,0,0,0,0,0,0,0,0,0,0,0,0,0,0,0,0
480,10.1109/cadcg.2009.5246835,0,0,0,0,0,0,0,0,1,0,0,0,0,0,0,0,0,0
481,10.1109/icc.2009.28,0,0,0,0,0,0,0,0,0,0,0,0,0,0,0,0,0,0
482,10.1007/978-3-642-10439-8_48,0,0,0,0,0,0,0,0,0,0,0,0,0,0,1,0,0,0
483,10.1109/titb.2009.2034739,0,0,0,0,0,0,0,0,0,0,1,0,0,0,0,0,0,0
484,10.3233/icg-2010-33204,0,0,0,0,0,0,0,0,0,0,0,0,0,0,0,0,0,0
485,10.1016/j.tcs.2010.05.019,0,0,0,0,0,0,0,0,0,0,0,0,0,0,0,0,0,0
486,10.1109/itw.2010.5593325,0,0,0,0,0,0,0,0,0,0,0,0,0,0,0,0,0,0
487,10.2139/ssrn.1566342,0,0,0,0,0,0,0,0,0,0,0,0,0,0,1,0,0,0
488,10.1016/j.labeco.2010.04.013,0,0,0,0,0,0,0,0,0,0,0,0,0,0,1,0,0,0
489,10.1007/s11257-010-9073-5,0,0,0,0,0,0,0,0,0,0,0,0,0,0,0,0,0,0
490,10.1109/sbac-pad.2012.42,0,0,0,0,0,0,0,0,0,0,0,0,0,0,0,0,0,0
491,10.1109/icias.2010.5716144,0,0,0,0,0,0,0,0,0,0,0,0,0,0,0,0,0,0
492,10.1098/rspb.2009.2257,0,0,0,0,0,0,0,0,0,0,0,0,0,0,0,0,0,0
493,10.1016/j.newideapsych.2009.07.008,0,0,0,0,0,0,0,0,0,0,0,0,0,0,0,0,0,0
494,10.1007/978-3-642-13840-9_12,0,0,0,0,0,0,0,0,0,0,0,0,0,0,0,0,0,0
495,10.1016/j.artint.2010.08.002,0,0,0,0,0,0,0,0,0,0,0,0,0,0,0,0,0,0
496,10.1007/s11238-010-9200-0,0,0,0,0,0,0,0,0,0,0,0,0,0,0,0,0,0,0
497,10.1145/1284320.1284324,0,0,0,0,0,0,0,0,0,0,0,0,0,0,0,0,0,0
498,10.1609/icaps.v20i1.13437,0,0,0,0,0,0,0,0,0,0,0,0,0,0,0,0,0,0
499,10.1007/s13218-019-00612-2,0,0,0,0,0,0,0,0,0,0,0,0,0,0,0,0,0,0
500,10.3389/fnins.2010.00060,0,0,0,0,0,0,0,0,0,0,0,0,0,0,0,0,0,0
501,10.1145/1553374.1553495,0,0,0,0,0,0,0,0,0,0,0,0,0,0,0,0,0,0
502,10.1007/s10710-010-9103-4,0,0,0,0,0,0,0,0,0,0,0,0,0,0,0,0,0,0
503,10.1609/aaai.v24i1.7647,0,0,0,0,0,0,0,0,0,0,0,0,0,0,0,0,0,0
504,10.1016/j.scispo.2009.04.005,0,0,0,0,0,0,0,0,0,0,0,0,0,0,0,0,0,0
505,10.1016/j.lindif.2010.04.005,0,0,0,0,0,0,0,0,0,0,0,0,0,0,0,0,0,0
506,10.1145/1902593.1902599,0,0,0,0,0,0,0,0,0,0,0,0,0,0,1,0,0,0
507,10.1007/978-3-642-20525-5_6,0,0,0,0,0,0,0,0,0,0,0,0,0,0,0,0,0,0
508,10.15388/informatica.2019.222,0,0,0,0,0,0,0,0,0,0,0,0,0,0,1,0,0,0
509,10.1111/j.1551-6709.2011.01196.x,0,0,0,0,0,0,0,0,0,0,0,0,0,0,1,0,0,0
510,10.3389/fnins.2011.00004,0,0,0,0,0,0,0,0,0,0,0,0,0,0,0,0,0,0
511,10.1109/tciaig.2012.2190603,0,0,0,0,0,0,0,0,0,0,0,0,0,0,0,0,0,0
512,10.2139/ssrn.1899165,0,0,0,0,0,0,0,0,0,0,0,0,0,0,1,0,0,0
513,10.1007/978-3-030-24299-2_1,0,0,0,0,0,0,0,0,0,0,0,0,0,0,0,0,0,0
514,10.3233/icg-2011-34206,0,0,0,0,0,0,0,0,0,0,0,0,0,0,0,0,0,0
515,10.1007/978-3-642-24500-8_20,0,0,0,0,0,0,0,0,0,0,0,0,0,0,0,0,0,0
516,10.1016/j.sbspro.2012.01.056,0,0,0,0,0,0,0,0,0,0,0,0,0,0,1,0,0,0
517,10.1103/physreve.84.011135,0,0,0,0,0,0,0,0,0,0,0,0,0,0,0,0,0,0
518,10.1109/icra.2011.5980203,0,0,0,0,0,0,0,0,0,0,0,0,0,0,0,0,0,0
519,10.3386/w15610,0,0,0,0,0,0,0,0,0,0,0,0,0,0,0,0,0,0
520,10.1016/j.cogsys.2010.12.006,0,0,0,0,0,0,0,0,0,0,0,0,0,0,0,0,0,0
521,10.1109/mci.2011.940626,0,0,0,0,0,0,0,0,0,0,0,0,0,0,0,0,0,0
522,10.1109/icra.2011.5980528,0,0,0,0,0,0,0,0,0,0,0,0,0,0,0,0,0,0
523,10.1007/s13218-010-0083-6,0,0,0,0,0,0,0,0,0,0,0,0,1,0,0,0,0,0
524,10.1007/s11097-010-9192-9,0,0,0,0,0,0,0,0,0,0,0,0,0,0,0,0,0,0
525,10.1016/j.anbehav.2011.07.016,0,0,0,0,0,0,0,0,0,0,0,0,0,0,0,0,0,0
526,10.1609/aaai.v25i1.7951,0,0,0,0,0,0,0,0,0,0,0,0,0,0,0,0,0,0
527,10.1007/978-3-642-31866-5_20,0,0,0,0,0,0,0,0,0,0,0,0,0,0,0,0,0,0
528,10.1126/science.1198469,0,0,0,0,0,0,0,0,0,0,0,0,0,0,0,0,0,0
529,10.5209/rev_sjop.2012.v15.n2.38866,0,0,0,0,0,0,0,0,0,0,0,0,0,0,1,0,0,0
530,10.1002/acp.2841,0,0,0,0,0,0,0,0,0,0,0,0,0,0,0,0,0,0
531,10.1016/j.econlet.2011.12.080,0,0,0,0,0,0,0,0,0,0,0,0,1,0,0,0,0,0
532,10.1016/j.newideapsych.2011.12.004,0,0,0,0,0,0,0,0,0,0,0,0,0,0,0,0,0,0
533,10.1016/j.knosys.2011.11.020,0,0,0,0,0,0,0,0,0,0,0,0,0,0,0,0,0,0
534,10.1007/978-3-642-33542-6_29,0,0,0,0,0,0,0,0,0,0,0,0,0,0,0,0,0,0
535,10.1109/tevc.2013.2285111,0,0,0,0,0,0,0,0,0,0,0,0,0,0,0,0,0,0
536,10.1177/0306312711424596,0,0,0,0,0,0,0,0,0,0,0,0,0,0,0,0,0,0
537,10.3233/icg-2012-35102,0,0,0,1,0,0,0,0,0,0,0,0,0,0,0,0,0,0
538,10.1016/j.jebo.2013.05.005,0,0,0,0,0,0,0,0,0,0,0,0,0,0,0,0,0,0
539,10.1111/j.2044-8295.2011.02097.x,0,0,0,0,0,0,0,0,0,0,0,0,0,0,0,0,0,0
540,10.1007/978-3-642-41106-9_7,0,0,0,0,0,0,0,0,0,0,0,0,0,0,0,0,0,0
541,10.3389/fnhum.2012.00273,0,0,0,0,0,0,0,0,0,0,0,0,0,0,0,0,0,0
542,10.1155/2012/178578,0,0,0,0,0,0,0,0,0,0,0,0,0,0,0,0,0,0
543,10.1016/j.cognition.2012.03.005,0,0,0,0,0,0,0,0,0,0,0,0,0,0,0,0,0,0
544,10.1016/j.artint.2014.08.002,0,0,0,0,0,0,0,0,0,0,0,0,0,0,0,0,0,0
545,10.29007/gs6m,0,0,0,0,0,0,0,0,0,0,0,0,0,0,0,0,0,0
546,10.1371/journal.pone.0054165,0,0,0,0,0,0,0,0,0,0,0,0,0,0,0,0,0,0
547,10.1080/03004430.2011.582951,0,0,0,0,0,0,0,0,0,0,0,0,0,0,1,0,0,0
548,10.1109/cec.2012.6252977,0,0,0,0,0,0,0,0,0,0,0,0,0,0,0,0,0,0
549,10.2298/yjor081028011v,0,0,0,0,0,0,0,0,0,0,0,0,0,0,1,0,0,0
550,10.1007/978-3-642-36899-8_34,0,0,0,0,0,0,0,0,0,0,0,0,0,0,0,0,0,0
551,10.3389/fnhum.2013.00825,0,0,0,0,0,0,0,0,0,0,0,0,0,0,1,0,0,0
552,10.1155/2013/534875,0,0,0,0,0,0,0,0,0,0,0,0,0,0,0,0,0,0
553,10.1080/13504851.2013.826861,0,0,0,0,0,0,0,0,0,0,0,0,0,0,1,0,0,0
554,10.1016/j.jebo.2013.03.006,0,0,0,0,0,0,0,0,0,0,0,0,0,0,1,0,0,0
555,10.2991/iccsee.2013.67,0,0,0,0,0,0,0,0,0,0,0,0,0,0,0,0,0,0
556,10.1299/kikai1938.22.353,0,0,0,0,0,0,0,0,0,0,0,0,0,0,0,0,0,0
557,10.1016/j.intell.2013.07.023,0,0,0,0,0,0,0,0,0,0,0,0,0,0,0,0,0,0
558,10.1155/2013/357068,0,0,0,0,0,0,0,0,0,0,0,0,0,0,0,0,0,0
559,10.1016/j.intell.2013.04.001,0,0,0,0,0,0,0,0,0,0,0,0,0,0,0,0,0,0
560,10.1016/j.newideapsych.2012.08.001,0,0,0,0,0,0,0,0,0,0,0,0,0,0,0,0,0,0
561,10.1209/0295-5075/104/48005,0,0,0,0,0,0,0,0,0,0,0,0,0,0,0,0,0,0
562,10.46743/2160-3715/2013.1452,0,0,0,0,0,0,0,0,0,0,0,0,0,0,0,0,0,0
563,10.1037/a0033246,0,0,0,0,0,0,0,0,0,0,0,0,0,0,0,0,0,0
564,10.1177/1368430213490212,0,0,0,0,0,0,0,0,0,0,0,0,0,0,1,0,0,0
565,10.1016/j.physa.2013.09.035,0,0,0,0,0,0,0,0,0,0,0,0,0,0,0,0,0,0
566,10.1371/journal.pone.0075796,0,0,0,0,0,0,0,0,0,0,0,0,0,0,0,0,0,0
567,10.1016/j.compeleceng.2013.03.010,0,0,0,0,0,0,0,0,0,0,0,0,0,0,0,0,0,0
568,10.1016/j.asoc.2013.02.015,0,0,0,0,0,0,0,0,0,0,0,0,0,0,0,0,0,0
569,10.1016/j.cose.2014.10.002,0,0,0,0,0,0,0,0,0,0,0,0,0,0,0,0,0,0
570,10.3389/fpsyg.2014.00762,0,0,0,0,0,0,0,0,0,0,0,0,0,0,0,0,0,0
571,10.2197/ipsjjip.23.272,0,0,0,0,0,0,0,0,0,0,0,0,0,0,0,0,0,0
572,10.1109/tepra.2014.6869158,0,0,0,0,0,0,0,0,0,0,0,0,0,0,0,0,0,0
573,10.1016/j.entcom.2014.06.001,0,0,0,0,0,0,0,0,0,0,0,0,0,0,0,0,0,0
574,10.1016/j.drugalcdep.2014.05.006,0,0,0,0,0,0,0,0,0,0,0,0,0,0,0,0,0,0
575,10.1016/j.brainres.2014.02.033,0,0,0,0,0,0,0,0,0,0,0,0,0,0,0,0,0,0
576,10.1016/j.sbspro.2014.01.328,0,0,0,0,0,0,0,0,0,0,0,0,0,0,1,0,0,0
577,10.3389/fpsyg.2014.00470,0,0,0,0,0,0,0,0,0,0,0,0,0,0,0,0,0,0
578,10.1016/j.intell.2014.02.010,0,0,0,0,0,0,0,0,0,0,0,0,0,0,0,0,0,0
579,10.1016/j.neuropsychologia.2014.07.019,0,0,0,0,0,0,0,0,0,0,0,0,0,0,0,0,0,0
580,10.1109/taai.2012.34,0,0,0,0,0,0,0,0,0,0,0,0,0,0,0,0,0,0
581,10.1016/j.actpsy.2014.05.013,0,0,0,0,0,0,0,0,0,0,0,0,0,0,1,0,0,0
582,10.3389/fpsyg.2014.00047,0,0,0,0,0,0,0,0,0,0,0,0,0,0,0,0,0,0
583,10.1016/j.ins.2013.08.006,0,0,0,0,0,0,0,0,0,0,0,0,0,0,0,0,0,0
584,10.2139/ssrn.2477868,0,0,0,0,0,0,0,0,0,0,0,0,0,0,0,0,0,0
585,10.1037/e573552014-082,0,0,0,0,0,0,0,0,0,0,0,0,0,0,0,0,0,0
586,10.1016/j.entcom.2014.02.002,0,0,0,0,0,0,0,0,0,0,0,0,0,0,0,0,0,0
587,10.1007/978-3-319-91908-9_12,0,0,0,0,0,0,0,0,0,0,0,0,0,0,0,0,0,0
588,10.1016/j.entcom.2014.04.004,0,0,0,0,0,0,0,0,0,0,0,0,0,0,0,0,0,0
589,10.1613/jair.4115,0,0,0,0,0,0,0,0,0,0,0,0,0,0,0,0,0,0
590,10.3389/fpsyg.2014.00941,0,0,0,0,0,0,0,0,0,0,0,0,0,0,1,0,0,0
591,10.1016/j.jnca.2013.07.012,0,0,0,0,0,0,0,0,0,0,0,0,0,0,0,0,0,0
592,10.1016/j.ins.2014.02.154,0,0,0,0,0,0,0,0,0,0,0,0,0,0,0,0,0,0
593,10.1109/tciaig.2014.2329034,0,0,0,0,0,0,0,0,0,0,0,0,0,0,0,0,0,0
594,10.11591/telkomnika.v12i3.4113,0,0,0,0,0,0,0,0,0,0,0,0,0,0,0,0,0,0
595,10.1016/j.intell.2013.07.004,0,0,0,0,0,0,0,0,0,0,0,0,0,0,0,0,0,0
596,10.1016/j.paid.2015.06.004,0,0,0,0,0,0,0,0,0,0,0,0,0,0,1,0,0,0
597,10.1016/j.cognition.2015.04.008,0,0,0,0,0,0,0,0,0,0,0,0,0,0,0,0,0,0
598,10.3233/icg-2015-38204,0,0,0,0,0,0,0,0,0,0,0,0,0,0,0,0,0,0
599,10.1007/978-3-319-28079-0,0,0,0,0,0,0,0,0,0,0,0,0,0,0,1,0,0,0
600,10.1007/978-3-319-27992-3_12,0,0,0,0,0,0,0,0,0,0,0,0,0,0,0,0,0,0
601,10.3233/sw-160231,0,0,0,0,0,0,0,0,0,0,0,0,0,0,0,0,0,0
602,10.14445/23488379/ijeee-v7i8p104,0,0,0,0,0,0,0,0,0,0,0,0,0,0,0,0,0,0
603,10.3233/icg-1996-19409,0,0,0,0,0,0,0,0,0,0,0,0,0,0,0,0,0,0
604,10.1145/2817721.2823485,0,0,0,0,0,0,0,0,0,0,0,0,0,0,0,0,0,0
605,10.3233/icg-2011-34205,0,0,0,0,0,0,0,0,0,0,0,0,0,0,0,0,0,0
606,10.1177/2158244015596050,0,0,0,0,0,0,0,0,0,0,0,0,0,0,1,0,0,0
607,10.1140/epjnbp/s40366-015-0016-2,0,0,0,0,0,0,0,0,0,0,0,0,0,0,0,0,0,0
608,10.2991/isrme-15.2015.63,0,0,0,0,0,0,0,0,0,0,0,0,0,0,1,0,0,0
609,10.1145/2939672.2939803,0,0,0,0,0,0,0,0,0,0,0,0,0,0,0,0,0,0
610,10.1209/0295-5075/116/10009,0,0,0,0,0,0,0,0,0,0,0,0,0,0,0,0,0,0
611,10.1016/j.paid.2016.05.050,0,0,0,0,0,0,0,0,0,0,0,0,0,0,0,0,0,0
612,10.1016/j.dam.2018.01.008,0,0,0,0,0,0,0,0,0,0,0,0,0,0,0,0,0,0
613,10.1016/j.intell.2018.08.004,0,0,0,0,0,0,0,0,0,0,0,0,0,0,0,0,0,0
614,10.1016/j.intell.2016.08.002,0,0,0,0,0,0,0,0,0,0,0,0,0,0,0,0,0,0
615,10.1109/cig.2016.7860389,0,0,0,0,0,0,0,0,0,0,0,0,0,0,0,0,0,0
616,10.1007/978-3-319-44781-0_11,0,0,1,0,0,0,0,0,0,0,0,0,0,0,0,0,0,0
617,10.1016/j.tcs.2016.06.028,0,0,0,0,0,0,0,0,0,0,0,0,0,0,0,0,0,0
618,10.3233/sw-150202,0,0,0,0,0,0,0,0,0,0,0,0,0,0,0,0,0,0
619,10.2139/ssrn.2909656,0,0,0,0,0,0,0,0,0,0,0,0,0,0,0,0,0,0
620,10.1109/icaees.2016.7888087,0,0,0,0,0,0,0,0,0,0,0,0,0,1,0,0,0,0
621,10.1155/2016/5216861,0,0,0,0,0,0,0,0,0,0,0,0,0,0,0,0,0,0
622,10.24963/ijcai.2017/353,0,0,0,0,0,0,0,0,0,0,0,0,0,0,1,0,0,0
623,10.1117/12.2228127,0,0,0,0,0,0,0,0,0,0,0,0,0,0,0,0,0,0
624,10.1109/icecet52533.2021.9698766,0,0,1,0,0,0,0,0,0,0,0,0,0,0,0,0,0,0
625,10.1109/cicn.2015.134,0,0,0,0,0,0,0,0,0,0,0,0,0,0,0,0,0,0
626,10.1145/2745555.2746655,0,0,0,0,0,0,0,0,0,0,0,0,0,0,0,0,0,0
627,10.1016/s1474-6670(17)32941-5,0,0,0,0,0,0,0,0,0,0,0,0,0,0,0,0,0,0
628,10.1016/j.edurev.2016.02.002,0,0,0,0,0,0,0,0,0,0,0,0,0,0,0,0,0,0
629,10.2139/ssrn.2262894,0,0,0,0,0,0,0,0,0,0,0,0,0,0,0,0,0,0
630,10.3758/s13428-016-0782-5,0,0,0,0,0,0,0,0,0,0,0,0,0,0,0,0,0,0
631,10.1609/aaai.v30i1.10180,0,0,0,0,0,0,0,0,0,0,0,0,0,0,1,0,0,0
632,10.3233/icg-160012,0,0,0,0,0,0,0,0,0,0,0,0,0,0,0,0,0,0
633,10.2139/ssrn.2953340,0,0,0,0,0,0,0,0,0,0,0,0,0,0,0,0,0,0
634,10.1016/j.ajp.2017.08.019,0,0,0,0,0,0,0,0,0,0,0,0,0,0,1,0,0,0
635,10.1016/j.paid.2016.09.003,0,0,0,0,0,0,0,0,0,0,0,0,0,0,0,0,0,0
636,10.2139/ssrn.2945389,0,0,0,0,0,0,0,0,0,0,0,0,0,0,0,0,0,0
637,10.1109/icmla.2017.00-87,0,0,0,0,0,0,0,0,0,0,0,0,0,0,0,0,0,0
638,10.1007/978-3-319-75931-9_10,0,0,0,0,0,0,0,0,0,0,0,0,0,0,0,0,0,0
639,10.1016/j.euroneuro.2017.01.006,0,0,0,0,0,0,0,0,0,0,0,0,1,0,0,0,0,0
640,10.3390/g8040049,0,0,0,0,0,0,0,0,0,0,0,0,0,0,0,0,0,0
641,10.1111/tops.12260,0,0,0,0,0,0,0,0,0,0,0,0,0,0,0,0,0,0
642,10.29007/g4bq,0,0,0,0,0,0,0,0,0,0,0,0,0,0,0,0,0,0
643,10.28971/142023ft66,0,0,0,0,0,0,0,0,0,0,0,0,0,0,0,0,0,0
644,10.12795/la.2017.i29.02,0,0,0,0,0,0,0,0,0,0,0,0,0,0,0,0,0,0
645,10.1001/jama.2017.8114,0,0,0,0,0,0,0,0,0,0,0,0,0,0,0,0,0,0
646,10.2139/ssrn.3093112,0,0,0,0,0,0,0,0,0,0,0,0,0,0,0,0,0,0
647,10.1111/kykl.12144,0,0,0,0,0,0,0,0,0,0,0,0,0,0,0,0,0,0
648,10.1126/science.aam6960,0,0,0,0,0,0,0,0,0,0,0,0,0,0,0,0,0,0
649,10.24963/ijcai.2017/757,0,0,0,0,0,0,0,0,0,0,0,0,0,0,1,0,0,0
650,10.1016/j.neuroscience.2017.04.042,0,0,0,0,0,0,0,0,0,0,0,0,0,0,0,0,0,0
651,10.1016/j.procs.2017.11.156,0,0,0,0,0,0,0,0,0,0,0,0,0,0,0,0,0,0
652,10.1016/j.intell.2017.01.013,0,0,0,0,0,0,0,0,0,0,0,0,0,0,0,0,0,0
653,10.1038/s41586-020-03051-4,0,0,0,0,0,0,0,0,0,0,0,0,0,0,0,0,0,0
654,10.1016/j.jpdc.2017.08.013,0,0,0,0,0,0,0,1,0,0,0,0,0,0,0,0,0,0
655,10.3233/icg-170017,0,0,0,0,0,0,0,0,0,0,0,0,0,0,0,0,0,0
656,10.15406/oajmtp.2018.01.00005,0,0,0,0,0,0,0,0,0,0,0,0,0,0,0,0,0,0
657,10.17485/ijst/2018/v11i10/121388,0,0,0,0,0,0,0,0,0,0,0,0,0,0,0,0,0,0
658,10.1016/j.intell.2018.10.007,0,0,0,0,0,0,0,0,0,0,0,0,0,0,0,0,0,0
659,10.3233/icg-180039,0,0,0,0,0,0,0,0,0,0,0,0,0,0,0,0,0,0
660,10.1515/jqas-2018-0103,0,0,0,0,0,0,0,0,0,0,0,0,0,0,0,0,0,0
661,10.23919/acc50511.2021.9483080,0,0,0,0,0,0,0,0,0,0,0,0,0,0,0,0,0,0
662,10.1145/3279810.3279846,0,0,0,0,0,0,0,0,0,0,0,0,0,0,0,0,0,0
663,10.18653/v1/p18-1154,0,0,0,0,0,0,0,0,0,0,0,0,0,0,1,0,0,0
664,10.3233/icg-180044,0,0,0,0,0,0,0,0,0,0,0,0,0,0,0,0,0,0
665,10.3758/s13421-017-0768-2,0,0,0,0,0,0,0,0,0,0,0,0,0,0,0,0,0,0
666,10.24215/16666038.18.e01,0,0,0,0,0,0,0,0,0,0,0,0,0,0,0,0,0,0
667,10.5220/0006535502760283,0,0,0,0,0,0,0,0,0,0,0,0,0,0,0,0,0,0
668,10.1126/science.aar6404,0,0,0,0,0,0,0,0,0,0,0,0,0,0,0,0,0,0
669,10.31234/osf.io/bpy3t,0,0,0,0,0,0,0,0,0,0,0,0,0,0,0,0,0,0
670,10.24963/ijcai.2024/480,0,0,0,0,0,0,0,0,0,0,0,0,0,0,0,0,0,0
671,10.1371/journal.pone.0196938,0,0,0,0,0,0,0,0,0,0,0,0,0,0,0,0,0,0
672,10.3233/icg-190077,0,0,0,0,0,0,0,0,0,0,0,0,0,0,0,0,0,0
673,10.1016/j.joep.2018.08.008,0,0,0,0,0,0,0,0,0,0,0,0,0,0,0,0,0,0
674,10.1016/j.brainres.2018.07.003,0,0,0,0,0,0,0,0,0,0,0,0,0,0,0,0,0,0
675,10.3233/icg-180075,0,0,0,0,0,0,0,0,0,0,0,0,0,0,0,0,0,0
676,10.3389/fpsyg.2019.00409,0,0,0,0,0,0,0,0,0,0,0,0,0,0,0,0,0,0
677,10.1007/978-94-009-5044-3_16,0,0,0,0,0,0,0,0,0,0,0,0,0,0,0,0,0,0
678,10.1371/journal.pone.0211014,0,0,0,0,0,0,0,0,0,0,0,0,0,0,0,0,0,0
679,10.3390/ijerph16122116,0,0,0,0,0,0,0,0,0,0,0,0,0,0,0,0,0,0
680,10.2478/bgs-2019-0002,0,0,0,0,0,0,0,0,0,0,0,0,0,0,0,0,0,0
681,10.2139/ssrn.3538840,0,0,0,0,0,0,0,0,0,0,0,0,0,0,0,0,0,0
682,10.1017/9789048544844.002,0,0,0,0,0,0,0,0,0,0,0,0,0,0,0,0,0,0
683,10.1145/3349537.3351904,0,0,0,0,0,0,0,0,0,0,0,0,0,0,0,0,0,0
684,10.1016/j.softx.2018.12.004,0,0,0,0,0,0,0,0,0,0,0,0,0,0,1,0,0,0
685,10.1007/s11682-018-0020-0,0,0,0,0,0,0,0,0,0,0,0,0,0,0,0,0,0,0
686,10.1016/j.physbeh.2018.10.017,0,0,0,0,0,0,0,0,0,0,0,0,0,0,0,0,0,0
687,10.1016/j.eswa.2020.113515,0,0,1,0,0,0,0,0,0,0,0,0,0,0,0,0,0,0
688,10.3233/icg-200163,0,0,0,0,0,0,0,0,0,0,0,0,0,0,0,0,0,0
689,10.2478/fcds-2020-0014,0,0,0,0,0,0,0,0,0,0,0,0,0,0,0,0,0,0
690,10.1145/3377325.3377512,0,0,1,0,0,0,0,0,0,0,0,0,0,0,0,0,0,0
691,10.1145/3427786,0,0,0,0,0,0,0,0,0,0,0,0,0,0,0,0,0,0
692,10.1142/s0219649220500069,0,0,0,0,0,0,0,0,0,0,0,0,0,0,0,0,0,0
693,10.1088/2631-8695/abf6a1,0,0,0,0,0,0,0,0,0,0,0,0,0,0,0,0,0,0
694,10.1016/j.paid.2021.110909,0,0,0,0,0,0,0,0,0,0,0,0,0,0,0,0,0,0
695,10.1016/j.jce.2020.09.006,0,0,0,0,0,0,0,0,0,0,0,0,0,0,0,0,0,0
696,10.1016/j.ejc.2021.103341,0,0,0,0,0,0,0,0,0,0,0,0,0,0,0,0,0,0
697,10.1007/978-1-4757-1968-0_1,0,0,0,0,0,0,0,0,0,0,0,0,0,0,0,0,0,0
698,10.1016/b978-1-4832-1446-7.50006-6,0,0,0,0,0,0,0,0,0,0,0,0,0,0,0,0,0,0
699,10.2307/25293173,0,0,0,0,0,0,0,0,0,0,0,0,0,0,0,0,0,0
700,10.1145/320868.320877,0,0,0,0,0,0,0,0,0,0,0,0,0,0,0,0,0,0
701,10.1007/978-1-4757-1968-0_4,0,0,0,0,0,0,0,0,0,0,0,0,0,0,0,0,0,0
702,10.1524/itit.2008.0467,0,0,0,0,0,0,0,0,0,0,0,0,0,0,0,0,0,0
703,10.1007/978-3-642-60359-4_1,0,0,0,0,0,0,0,0,0,0,0,0,0,0,0,0,0,0
704,10.1002/bs.3830070402,0,0,0,0,0,0,0,0,0,0,0,0,0,0,0,0,0,0
705,10.1137/1007012,0,0,0,0,0,0,0,0,0,0,0,0,0,0,0,0,0,0
706,10.1080/0013191640160208,0,0,0,0,0,0,0,0,0,0,0,0,0,0,0,0,0,0
707,10.1007/978-94-017-2527-9_6,0,0,0,0,0,0,0,0,0,0,0,0,0,0,0,0,0,0
708,10.1007/978-1-4613-8716-9_15,0,0,0,0,0,0,0,0,0,0,0,0,0,0,0,0,0,0
709,10.1145/800186.810637,0,0,0,0,0,0,0,0,0,0,0,0,0,0,0,0,0,0
710,10.1080/00221325.1969.10533881,0,0,0,0,0,0,0,0,0,0,0,0,0,0,0,0,0,0
711,10.1145/321510.321511,0,0,0,0,0,0,0,0,0,0,0,0,0,0,0,0,0,0
712,10.1007/978-1-4757-1968-0_8,0,0,0,0,0,0,0,0,0,0,0,0,0,0,0,0,0,0
713,10.1145/800173.809722,0,0,0,0,0,0,0,0,0,0,0,0,0,0,0,0,0,0
714,10.1016/0010-0285(71)90026-0,0,0,0,0,0,0,0,0,0,0,0,0,0,0,0,0,0,0
715,10.1145/800192.805705,0,0,0,0,0,0,0,0,0,0,0,0,0,0,0,0,0,0
716,10.1145/1045154.1045160,0,0,0,0,0,0,0,0,0,0,0,0,0,0,0,0,0,0
717,10.1016/0010-0285(73)90004-2,0,0,0,0,0,0,0,0,0,0,0,0,0,0,0,0,0,0
718,10.1016/s0020-7373(74)80032-5,0,0,0,0,0,0,0,0,0,0,0,0,0,0,0,0,0,0
719,10.1145/800192.805706,0,0,0,0,0,0,0,0,0,0,0,0,0,0,0,0,0,0
720,10.1145/800192.805703,0,0,0,0,0,0,0,0,0,0,0,0,0,0,0,0,0,0
721,10.1145/800192.805704,0,0,0,0,0,0,0,0,0,0,0,0,0,0,0,0,0,0
722,10.1016/b978-0-7506-9849-8.50004-6,0,0,0,0,0,0,0,0,0,0,0,0,0,0,0,0,0,0
723,10.1137/1018096,0,0,0,0,0,0,0,0,0,0,0,0,0,0,0,0,0,0
724,10.3233/icg-1981-4209,0,0,0,0,0,0,0,0,0,0,0,0,0,0,0,0,0,0
725,10.3758/bf03213216,0,0,0,0,0,0,0,0,0,0,0,0,0,0,0,0,0,0
726,10.1145/1283920.1283930,0,0,0,0,0,0,0,0,0,0,0,0,0,0,1,0,0,0
727,10.1037/e666602011-285,0,0,0,0,0,0,0,0,0,0,0,0,0,0,0,0,0,0
728,10.1145/800179.810240,0,0,0,0,0,0,0,0,0,0,0,0,0,0,0,0,0,0
729,10.1145/1056433.1056435,0,0,0,0,0,0,0,0,0,0,0,0,0,0,0,0,0,0
730,10.1016/0004-3702(77)90017-0,0,0,0,0,0,0,0,0,0,0,0,0,0,0,0,0,0,0
731,10.1016/0004-3702(77)90032-7,0,0,0,0,0,0,0,0,0,0,0,0,0,0,0,0,0,0
732,10.1021/cen-09222-bus2,0,0,0,0,0,0,0,0,0,0,0,0,0,0,0,0,0,0
733,10.1016/s0004-3702(78)80012-5,0,0,0,0,0,0,0,0,0,0,0,0,0,0,0,0,0,0
734,10.1093/comjnl/21.2.149,0,0,0,0,0,0,0,0,0,0,0,0,0,0,0,0,0,0
735,10.2307/1421515,0,0,0,0,0,0,0,0,0,0,0,0,0,0,1,0,0,0
736,10.2307/1421514,0,0,0,0,0,0,0,0,0,0,0,0,0,0,0,0,0,0
737,10.1037/0278-7393.4.6.605,0,0,0,0,0,0,0,0,0,0,0,0,0,0,0,0,0,0
738,10.1016/0022-2496(79)90004-x,0,0,0,0,0,0,0,0,0,0,0,0,0,0,0,0,0,0
739,10.1037/h0081698,0,0,0,0,0,0,0,0,0,0,0,0,0,0,0,0,0,0
740,10.2307/1421476,0,0,0,0,0,0,0,0,0,0,0,0,0,0,0,0,0,0
741,10.1109/sfcs.1979.25,0,0,0,0,0,0,0,0,0,0,0,0,0,0,0,0,0,0
742,10.1145/800135.804422,0,0,0,0,0,0,0,0,0,0,0,0,0,0,0,0,0,0
743,10.3233/icg-2005-28411,0,0,0,0,0,0,0,0,0,0,0,0,0,0,0,0,0,0
744,10.3390/e3050296,0,0,0,0,0,0,0,0,0,0,0,0,0,0,0,0,0,0
745,10.1007/978-1-4757-1968-0_23,0,0,0,0,0,0,0,0,0,0,0,0,0,0,1,0,0,0
746,10.1002/bs.3830260109,0,0,0,0,0,0,0,0,0,0,0,0,0,0,0,0,0,0
747,10.1037//0096-3445.110.1.21,0,0,0,0,0,0,0,0,0,0,0,0,0,0,0,0,0,0
748,10.1037//0096-1523.7.2.467,0,0,0,0,0,0,0,0,0,0,0,0,0,0,0,0,0,0
749,10.1093/geronj/36.5.615,0,0,0,0,0,0,0,0,0,0,0,0,0,0,0,0,0,0
750,10.1016/s0140-1971(81)80036-x,0,0,0,0,0,0,0,0,0,0,0,0,0,0,0,0,0,0
751,10.1109/tpami.1982.4767226,0,0,0,0,0,0,0,0,0,0,0,0,0,0,0,0,0,0
752,10.1016/b978-0-08-026898-9.50013-9,0,0,0,0,0,0,0,0,0,0,0,0,0,0,0,0,0,0
753,10.3758/bf03197635,0,0,0,0,0,0,0,0,0,0,0,0,0,0,1,0,0,0
754,10.1145/356893.356895,0,0,0,0,0,0,0,0,0,0,0,0,0,0,0,0,0,0
755,10.1093/comjnl/25.1.105,0,0,1,0,0,0,0,0,0,0,0,0,0,0,0,0,0,0
756,10.1016/b978-0-08-026898-9.50010-3,0,0,0,0,0,0,0,0,1,0,0,0,0,0,0,0,0,0
757,10.1016/0004-3702(82)90009-1,0,0,0,0,0,0,0,0,0,0,0,0,0,0,0,0,0,0
758,10.1016/0004-3702(83)90001-2,0,0,0,0,0,0,0,0,0,0,0,0,0,0,0,0,0,0
759,10.1016/b978-0-08-051054-5.50019-4,0,0,0,0,0,0,0,0,1,0,0,0,0,0,0,0,0,0
760,10.1109/34.42858,0,0,0,0,0,0,0,0,0,0,0,0,0,0,0,0,0,0
761,10.1016/0004-3702(84)90006-7,0,0,0,0,0,0,0,0,0,0,0,0,0,0,0,0,0,0
762,10.1145/800015.808168,0,0,0,0,0,0,0,0,0,0,0,0,0,0,0,0,0,0
763,10.2307/3527380,0,0,0,0,0,0,0,0,0,0,0,0,0,0,0,0,0,0
764,10.1037/h0080855,0,0,0,0,0,0,0,0,0,0,0,0,0,0,1,0,0,0
765,10.1145/320435.320516,0,0,0,0,0,0,0,0,0,0,0,0,0,0,0,0,0,0
766,10.2307/1422444,0,0,0,0,0,0,0,0,0,0,0,0,0,0,0,0,0,0
767,10.1109/tpami.1985.4767683,0,0,0,0,0,0,0,0,0,0,0,0,0,0,0,0,0,0
768,10.1145/320435.320515,0,0,0,0,0,0,0,0,0,0,0,0,0,0,0,0,0,0
769,10.1016/0096-3003(85)90009-8,0,0,0,0,0,0,0,0,0,0,0,0,0,0,0,0,0,0
770,10.1016/0004-3702(86)90026-3,0,0,0,0,0,0,0,0,0,0,0,0,0,0,0,0,0,0
771,10.1080/13573322.2019.1603842,0,0,0,0,0,0,0,0,0,0,0,0,0,0,0,0,0,0
772,10.3233/icg-1986-9302,0,0,0,0,0,0,0,0,0,0,0,0,0,0,0,0,0,0
773,10.1353/bio.2010.0499,0,0,0,0,0,0,0,0,0,0,0,0,0,0,0,0,0,0
774,10.1109/isscc.1987.1157189,0,0,0,0,0,0,0,0,0,0,0,0,0,0,0,0,0,0
775,10.1111/j.1551-6708.1987.tb00863.x,0,0,0,0,0,0,0,0,0,0,0,0,0,0,0,0,0,0
776,10.2307/1560830,0,0,0,0,0,0,0,0,0,0,0,0,0,0,0,0,0,0
777,10.1016/s0020-7373(88)80040-3,0,0,0,0,0,0,0,0,0,0,0,0,0,0,0,0,0,0
778,10.2307/1423226,0,0,0,0,0,0,0,0,0,0,0,0,0,0,0,0,0,0
779,10.1016/b978-0-934613-64-4.50034-7,0,0,0,0,0,0,0,0,0,0,0,0,0,0,0,0,0,0
780,10.1145/63047.63088,0,0,0,0,0,0,0,0,0,0,0,0,0,0,0,0,0,0
781,10.2307/2548355,0,0,0,0,0,0,0,0,0,0,0,0,0,0,0,0,0,0
782,10.1109/34.6777,0,0,0,0,0,0,0,0,0,0,0,0,0,0,0,0,0,0
783,10.2307/1422794,0,0,0,0,0,0,0,0,0,0,0,0,0,0,0,0,0,0
784,10.1201/9781003373582-3,0,0,0,0,0,0,0,0,0,0,0,0,0,0,0,0,0,0
785,10.1145/66443.66444,0,0,0,0,0,0,0,0,0,0,0,0,0,0,0,0,0,0
786,10.1109/miv.1989.40515,0,0,0,0,0,0,0,0,0,0,0,0,0,0,0,0,0,0
787,10.1016/0004-3702(89)90056-8,0,0,0,0,0,0,0,0,0,0,0,0,0,0,0,0,0,0
788,10.4324/9780429269356-5,0,0,0,0,0,0,0,0,0,0,0,0,0,0,0,0,0,0
789,10.3233/icg-1989-12305,0,0,0,0,0,0,0,0,0,0,0,0,0,0,1,0,0,0
790,10.1016/b978-1-55860-377-6.50030-x,0,0,0,0,0,0,0,0,0,0,0,0,0,0,0,0,0,0
791,10.2307/1423119,0,0,0,0,0,0,0,0,0,0,0,0,0,0,0,0,0,0
792,10.1080/08936038908404735,0,0,0,0,0,0,0,0,0,0,0,0,0,0,0,0,0,0
793,10.1016/0167-8191(89)90102-6,0,0,0,0,0,0,0,0,0,0,0,0,0,0,0,0,0,0
794,10.1145/67933.67939,0,0,0,0,0,0,0,0,0,0,0,0,0,0,0,0,0,0
795,10.1093/comjnl/32.6.567,0,0,0,0,0,0,0,0,0,0,0,0,0,0,0,0,0,0
796,10.1080/09541448908403091,0,0,0,0,0,0,0,0,0,0,0,0,0,0,1,0,0,0
797,10.1016/0743-7315(89)90044-0,0,0,0,0,0,0,0,0,0,0,0,0,0,0,0,0,0,0
798,10.1016/b978-0-934613-64-4.50026-8,0,0,0,0,0,0,0,0,0,0,0,0,0,0,0,0,0,0
799,10.1109/34.44404,0,0,0,0,0,0,0,0,0,0,0,0,0,0,0,0,0,0
800,10.3233/icg-1988-11402,0,0,0,0,0,0,0,0,0,0,0,0,0,0,0,0,0,0
801,10.1016/0004-3702(90)90067-a,0,0,0,0,0,0,0,0,0,0,0,0,0,0,0,0,0,0
802,10.1109/superc.1990.130039,0,0,0,0,0,0,0,0,0,0,0,0,0,0,0,0,0,0
803,10.1016/0004-3702(90)90069-c,0,0,0,0,0,0,0,0,0,0,0,0,0,0,0,0,0,0
804,10.3233/icg-1999-22102,0,0,0,0,0,0,0,0,0,0,0,0,0,0,0,0,0,0
805,10.1109/superc.1990.130041,0,0,0,0,0,0,0,0,0,0,0,0,0,0,0,0,0,0
806,10.1145/75577.75581,0,0,0,0,0,0,0,0,0,0,0,0,0,0,0,0,0,0
807,10.1111/j.1467-8640.1990.tb00125.x,0,0,0,0,0,0,0,0,0,0,0,0,0,0,0,0,0,0
808,10.1016/0004-3702(90)90068-b,0,0,0,0,0,0,0,0,0,0,0,0,0,0,0,0,0,0
809,10.1016/0196-6774(90)90027-c,0,0,0,0,0,0,0,0,0,0,0,0,0,0,0,0,0,0
810,10.1016/0898-1221(94)90005-1,0,0,0,0,0,0,0,0,0,0,0,0,0,0,0,0,0,0
811,10.1016/0004-3702(90)90071-7,0,0,0,0,0,0,0,0,0,0,0,0,0,0,0,0,0,0
812,10.1007/978-3-642-85538-2_5,0,0,0,0,0,0,0,0,0,0,0,0,0,0,0,0,0,0
813,10.1016/0004-3702(91)90026-g,0,0,0,0,0,0,0,0,0,0,0,0,0,0,1,0,0,0
814,10.3233/icg-1991-14202,0,0,0,0,0,0,0,0,0,0,0,0,0,0,0,0,0,0
815,10.1080/00397709.1991.10733736,0,0,0,0,0,0,0,0,0,0,0,0,0,0,0,0,0,0
816,10.1016/0304-3975(92)90344-f,0,0,0,0,0,0,0,0,0,0,0,0,0,0,0,0,0,0
817,10.3233/icg-1991-14218,0,0,0,0,0,0,0,0,0,0,0,0,0,0,0,0,0,0
818,10.1016/b978-0-12-801635-0.00011-5,0,0,0,0,0,0,0,0,0,0,0,0,0,0,0,0,0,0
819,10.1007/978-94-017-0793-0_11,0,0,0,0,0,0,0,0,0,0,0,0,0,0,0,0,0,0
820,10.1016/b978-1-55860-200-7.50021-0,0,0,0,0,0,0,0,0,0,0,0,0,0,0,0,0,0,0
821,10.1002/cpe.4330030306,0,0,0,0,0,0,0,0,0,0,0,0,0,0,0,0,0,0
822,10.1007/bfb0017040,0,0,0,0,0,0,0,0,0,0,0,0,0,0,0,0,0,0
823,10.1109/superc.1990.130040,0,0,0,0,0,0,0,0,0,0,0,0,0,0,0,0,0,0
824,10.5802/cg.124,0,0,0,0,0,0,0,0,0,0,0,0,0,0,0,0,0,0
825,10.3233/icg-1991-14103,0,0,0,0,0,0,0,0,0,0,0,0,0,0,0,0,0,0
826,10.1016/0168-9274(93)90123-9,0,0,0,0,0,0,0,0,0,0,0,0,0,0,0,0,0,0
827,10.2307/1423244,0,0,0,0,0,0,0,0,0,0,0,0,0,0,0,0,0,0
828,10.1007/bf01359220,0,0,0,0,0,0,0,0,0,0,0,0,0,0,0,0,0,0
829,10.1109/5.156469,0,0,0,0,0,0,0,0,0,0,0,0,0,0,0,0,0,0
830,10.1007/bf01359217,0,0,0,0,0,0,0,0,0,0,0,0,0,0,0,0,0,0
831,10.1007/bf00992861,0,0,0,0,0,0,0,0,0,0,0,0,0,0,0,0,0,0
832,10.1002/int.4550070606,0,0,0,0,0,0,0,0,0,0,0,0,0,0,0,0,0,0
833,10.1007/bf02454222,0,0,0,0,0,0,0,0,0,0,0,0,0,0,0,0,0,0
834,10.1007/bf01359221,0,0,0,0,0,0,0,0,0,0,0,0,0,0,1,0,0,0
835,10.1111/j.2044-8295.1992.tb02437.x,0,0,0,0,0,0,0,0,0,0,0,0,0,0,0,0,0,0
836,10.1007/bf01359222,0,0,0,0,0,0,0,0,0,0,0,0,0,0,0,0,0,0
837,10.1109/19.199432,0,0,0,0,0,0,0,0,0,0,0,0,0,0,0,0,0,0
838,10.1109/icci.1993.315347,0,0,0,0,0,0,0,0,0,0,0,0,0,0,0,0,0,0
839,10.1007/bf01359218,0,0,0,0,0,0,0,0,0,0,0,0,0,0,0,0,0,0
840,10.1007/bf01359223,0,0,0,0,0,0,0,0,0,0,0,0,0,0,0,0,0,0
841,10.1109/21.179839,0,0,0,0,0,0,0,0,0,0,0,0,0,0,0,0,0,0
842,10.1145/138844.138854,0,0,0,0,0,0,0,0,0,0,0,0,0,0,0,0,0,0
843,10.1007/978-88-470-1116-8_4,0,0,0,0,0,0,0,0,0,0,0,0,0,0,0,0,0,0
844,10.1109/2.153283,0,0,0,0,0,0,0,0,0,0,0,0,0,0,0,0,0,0
845,10.1007/bf01359219,0,0,0,0,0,0,0,0,0,0,0,0,0,0,0,0,0,0
846,10.1016/0004-3702(92)90074-8,0,0,0,0,0,0,0,0,0,0,0,0,0,0,1,0,0,0
847,10.21236/ada225613,0,0,0,0,0,0,0,0,0,0,0,0,0,0,1,0,0,0
848,10.1207/s15516709cog1601_4,0,0,0,0,0,0,0,0,0,0,0,0,0,0,0,0,0,0
849,10.1353/pmc.1993.0002,0,0,0,0,0,0,0,0,0,0,0,0,0,0,0,0,0,0
850,10.3233/icg-1994-17303,0,0,0,0,0,0,0,0,0,0,0,0,0,0,0,0,0,0
851,10.1007/978-3-7091-6086-2_3,0,0,0,0,0,0,0,0,0,0,0,0,0,0,0,0,0,0
852,10.2307/1423181,0,0,0,0,0,0,0,0,0,0,0,0,0,0,0,0,0,0
853,10.1007/bfb0027053,0,0,0,0,0,0,0,0,0,0,0,0,0,0,0,0,0,0
854,10.1037//0033-295x.100.3.363,0,0,0,0,0,0,0,0,0,0,0,0,0,0,0,0,0,0
855,10.1007/3-540-63774-5_94,0,0,0,0,0,0,0,0,0,0,0,0,0,0,0,0,0,0
856,10.1007/bf00871938,0,0,0,0,0,0,0,0,0,0,0,0,0,0,1,0,0,0
857,10.3233/icg-1993-16410,0,0,0,0,0,0,0,0,0,0,0,0,1,0,0,0,0,0
858,10.3233/icg-1993-16311,0,0,0,0,0,0,0,0,0,0,0,1,0,0,0,0,0,0
859,10.4324/9781003329992-3,0,0,0,0,0,0,0,0,0,0,0,0,0,0,0,0,0,0
860,10.1007/3-540-56503-5_27,0,0,0,0,0,0,0,0,0,0,0,0,0,0,0,0,0,0
861,10.1109/34.297950,0,0,0,0,0,0,0,0,0,0,0,0,0,0,0,0,0,0
862,10.1093/oso/9780199765652.003.0007,0,0,0,0,0,0,0,0,0,0,0,0,0,0,0,0,0,0
863,10.1109/cig.2013.6633646,0,0,0,0,0,0,0,0,0,0,0,0,0,0,0,0,0,0
864,10.1007/978-3-642-52064-8_1,0,0,0,0,0,0,0,0,0,0,0,0,0,0,0,0,0,0
865,10.1016/s0004-3702(97)00059-3,0,0,0,0,0,0,0,0,0,0,0,0,0,0,0,0,0,0
866,10.1016/0004-3702(94)90004-3,0,0,0,0,0,0,0,0,0,0,0,0,0,0,0,0,0,0
867,10.3233/icg-1994-17402,0,0,0,0,0,0,0,0,0,0,0,0,0,0,0,0,0,0
868,10.1109/icnn.1995.487354,0,0,0,0,0,0,0,0,0,0,0,0,0,0,0,0,0,0
869,10.3233/icg-1994-17302,0,0,0,0,0,0,0,0,0,0,0,0,0,0,0,0,0,0
870,10.3233/icg-1994-17403,0,0,0,0,0,0,0,0,0,0,0,0,0,0,0,0,0,0
871,10.3233/icg-1994-17404,0,0,0,0,0,0,0,0,0,0,0,0,0,0,0,0,0,0
872,10.3233/icg-1994-17412,0,0,0,0,0,0,0,0,0,0,0,0,0,0,0,0,0,0
873,10.1037//0003-066x.49.8.725,0,0,0,0,0,0,0,0,0,0,0,0,0,0,1,0,0,0
874,10.1145/181014.192325,0,0,0,0,0,0,0,0,0,0,0,0,0,0,0,0,0,0
875,10.3233/icg-1995-18102,0,0,0,0,0,0,0,0,0,0,0,0,0,0,0,0,0,0
876,10.1145/195058.195451,0,0,0,0,0,0,0,0,0,0,0,0,0,0,0,0,0,0
877,10.3233/icg-1994-17415,0,0,0,0,0,0,0,0,0,0,0,0,0,0,0,0,0,0
878,10.1111/0824-7935.00172,0,0,0,0,0,0,0,0,0,0,0,0,0,0,0,0,0,0
879,10.1007/11674399_3,0,0,0,0,0,0,0,0,0,0,0,0,0,0,0,0,0,0
880,10.1109/icnn.1994.374786,0,0,0,0,0,0,0,0,0,0,0,0,0,0,0,0,0,0
881,10.1016/0004-3702(94)90049-3,0,0,0,0,0,0,0,0,0,0,0,0,0,0,0,0,0,0
882,10.1007/978-3-642-17679-1_14,0,0,0,0,0,0,0,0,0,0,0,0,0,0,0,0,0,0
883,10.1080/09541449408520132,0,0,0,0,0,0,0,0,0,0,0,0,0,0,0,0,0,0
884,10.1002/(sici)1520-6750(199602)43:1<23::aid-nav2>3.3.co;2-4,0,0,0,0,0,0,0,0,0,0,0,0,0,0,0,0,0,0
885,10.2514/6.1995-994,0,0,0,0,0,0,0,0,0,0,0,0,0,0,1,0,0,0
886,10.3233/icg-1997-20412,0,0,0,0,0,0,0,0,0,0,0,0,0,0,1,0,0,0
887,10.21236/ada282551,0,0,0,0,0,0,0,0,0,0,0,0,0,0,0,0,0,0
888,10.1109/anziis.1995.705737,0,0,0,0,0,0,0,0,0,0,0,0,0,0,0,0,0,0
889,10.1109/isuma.1995.527751,0,0,0,0,0,0,0,0,0,0,0,0,0,0,0,0,0,0
890,10.1007/3-540-60222-4_128,0,0,0,0,0,0,0,0,0,0,0,0,0,0,0,0,0,0
891,10.1201/9781003126157-1,0,0,0,0,0,0,0,0,0,0,0,0,0,0,0,0,0,0
892,10.1007/3-540-60598-3_38,0,0,0,0,0,0,0,0,0,0,0,0,0,0,1,0,0,0
893,10.1080/09541449508402449,0,0,0,0,0,0,0,0,0,0,0,0,0,0,0,0,0,0
894,10.1007/3-540-60321-2_28,0,0,0,0,0,0,0,0,0,0,0,0,0,0,0,0,0,0
895,10.1145/224538.224567,0,0,0,0,0,0,0,0,0,0,0,0,0,0,0,0,0,0
896,10.1007/3-540-60598-3_45,0,0,0,0,0,0,0,0,0,0,0,0,0,0,0,0,0,0
897,10.1007/3-540-60364-6_40,0,0,0,0,0,0,0,0,0,0,0,0,0,0,0,0,0,0
898,10.1037/e522192013-020,0,0,0,0,0,0,0,0,0,0,0,0,0,0,0,0,0,0
899,10.1016/0304-3940(95)11985-6,0,0,0,0,0,0,0,0,0,0,0,0,0,0,0,0,0,0
900,10.1016/0950-7051(96)81915-0,0,0,0,0,0,0,0,0,0,0,0,0,0,0,0,0,0,0
901,10.31274/etd-180810-5557,0,0,0,0,0,0,0,0,0,0,0,0,0,0,0,0,0,0
902,10.1145/3304181.3304216,0,0,0,0,0,0,0,0,0,0,0,0,0,0,0,0,0,0
903,10.1038/scientificamerican09161905-24836supp,0,0,0,0,0,0,0,0,0,0,0,0,0,0,1,0,0,0
904,10.1016/0004-3702(95)00092-5,0,0,0,0,0,0,0,0,0,0,0,0,0,0,0,0,0,0
905,10.1006/jpdc.1996.0107,0,0,0,0,0,0,0,0,0,0,0,0,0,0,0,0,0,0
906,10.1016/s0004-3702(97)00074-x,0,0,0,0,0,0,0,0,0,0,0,0,0,0,0,0,0,0
907,10.1111/j.1467-9280.1996.tb00665.x,0,0,0,0,0,0,0,0,0,0,0,0,0,0,0,0,0,0
908,10.1017/cbo9780511800481.013,0,0,0,0,0,0,0,0,0,0,0,0,0,0,0,0,0,0
909,10.1109/spdp.1993.395543,0,0,0,0,0,0,0,0,0,0,0,0,0,0,0,0,0,0
910,10.4135/9781506304144,0,0,0,0,0,0,0,0,0,0,0,0,0,0,0,0,0,0
911,10.1006/cogp.1996.0011,0,0,0,0,0,0,0,0,0,0,0,0,0,0,0,0,0,0
912,10.1109/vtsa.1997.614748,0,0,0,0,0,0,0,0,0,0,0,0,0,0,0,0,0,0
913,10.3233/icg-1995-18402,0,0,0,0,0,0,0,0,0,0,0,0,0,0,0,0,0,0
914,10.3233/icg-1997-20103,0,0,0,0,0,0,0,0,0,0,0,0,0,0,0,0,0,0
915,10.4271/800356,0,0,0,0,0,0,0,0,0,0,0,0,0,0,0,0,0,0
916,10.1145/233977.234001,0,0,0,0,0,0,0,0,0,0,0,0,0,0,0,0,0,0
917,10.3758/bf03197274,0,0,0,0,0,0,0,0,0,0,0,0,0,0,0,0,0,0
918,10.1145/228329.228344,0,0,0,0,0,0,0,0,0,0,0,0,0,0,0,0,0,0
919,10.1145/228329.228334,0,0,0,0,0,0,0,0,0,0,0,0,0,0,0,0,0,0
920,10.3233/icg-1996-19102,0,0,0,0,0,0,0,0,0,0,0,0,0,0,0,0,0,0
921,10.1007/bf02838598,0,0,0,0,0,0,0,0,0,0,0,0,0,0,0,0,0,0
922,10.4324/9780367814342-2,0,0,0,0,0,0,0,0,0,0,0,0,0,0,0,0,0,0
923,10.1007/3-540-63797-4_70,0,0,0,0,0,0,0,0,0,0,0,0,0,0,0,0,0,0
924,10.1145/581331.581336,0,0,0,0,0,0,0,0,0,0,0,0,0,0,0,0,0,0
925,10.1109/mcc.1997.605913,0,0,0,0,0,0,0,0,0,0,0,0,0,0,0,0,0,0
926,10.3233/icg-1998-21204,0,0,0,0,0,0,0,0,0,0,0,0,0,0,0,0,0,0
927,10.1007/978-3-540-75197-7_9,0,0,0,0,0,0,0,0,0,0,0,0,0,0,0,0,0,0
928,10.1080/088395197118262,0,0,0,0,0,0,0,0,0,0,0,0,0,0,0,0,0,0
929,10.1007/3-540-63494-0_49,0,0,0,0,0,0,0,0,0,0,0,0,0,0,0,0,0,0
930,10.1109/mpuls.2021.3094254,0,0,0,0,0,0,0,0,0,0,0,0,0,0,0,0,0,0
931,10.1080/135467897394301,0,0,0,0,0,0,0,0,0,0,0,0,0,0,1,0,0,0
932,10.1109/2.625299,0,0,0,0,0,1,0,0,0,0,0,0,0,0,0,0,0,0
933,10.2486/indhealth.45.730,0,0,0,0,0,0,0,0,0,0,0,0,0,0,0,0,0,0
934,10.1109/64.608173,0,0,0,0,0,0,0,0,0,0,0,0,0,0,0,0,0,0
935,10.1007/978-3-322-90178-1_13,0,0,0,0,0,0,0,0,0,0,0,0,0,0,0,0,0,0
936,10.3233/icg-1996-19208,0,0,0,0,0,0,0,0,0,0,0,0,0,0,0,0,0,0
937,10.4018/9781591401742.ch009,0,0,0,0,0,0,0,0,0,0,0,0,0,0,0,0,0,0
938,10.1126/science.276.5318.1518,0,0,0,0,0,0,0,0,0,0,0,0,0,0,0,0,0,0
939,10.1364/ofs.2006.mb1,0,0,0,0,0,0,0,0,0,0,0,0,0,0,0,0,0,0
940,10.1093/0195147669.003.0002,0,0,0,0,0,0,0,0,0,0,0,0,0,0,0,0,0,0
941,10.2307/1423714,0,0,0,0,0,0,0,0,0,0,0,0,0,0,0,0,0,0
942,10.1002/0471743984.vse0668,0,0,0,0,0,0,0,0,0,0,0,0,0,0,0,0,0,0
943,10.3233/icg-1992-15109,0,0,0,0,0,0,0,0,0,0,0,0,0,0,0,0,0,0
944,10.1007/bfb0052859,0,0,0,0,0,0,0,0,0,0,0,0,0,0,0,0,0,0
945,10.1145/257874.257878,0,0,0,0,0,0,0,0,0,0,0,0,0,0,0,0,0,0
946,10.1609/aaai.v25i1.7962,0,0,0,0,0,0,0,0,0,0,0,0,0,0,0,0,0,0
947,10.1017/s0007087497003087,0,0,0,0,0,0,0,0,0,0,0,0,0,0,0,0,0,0
948,10.2307/606446,0,0,0,0,0,0,0,0,0,0,0,0,0,0,0,0,0,0
949,10.1162/089976699300016881,0,0,0,0,0,0,0,0,0,0,0,0,0,0,0,0,0,0
950,10.1057/9781403979353,0,0,0,0,0,0,0,0,0,0,0,0,0,0,0,0,0,0
951,10.3233/icg-1998-21308,0,0,0,0,0,0,0,0,0,0,0,0,0,0,0,0,0,0
952,10.1515/9783839466322-002,0,0,0,0,0,0,0,0,0,0,0,0,0,0,0,0,0,0
953,10.1111/1468-5930.00082,0,0,0,0,0,0,0,0,0,0,0,0,0,0,0,0,0,0
954,10.1016/s0010-0277(98)00020-1,0,0,0,0,0,0,0,0,0,0,0,0,0,0,0,0,0,0
955,10.4324/9781315782416-78,0,0,0,0,0,0,0,0,0,0,0,0,0,0,0,0,0,0
956,10.1080/741942359,0,0,0,0,0,0,0,0,0,0,0,0,0,0,0,0,0,0
957,10.5210/fm.v3i7.605,0,0,0,0,0,0,0,0,0,0,0,0,0,0,0,0,0,0
958,10.3233/icg-1998-21402,0,0,0,0,0,0,0,0,0,0,0,0,0,0,0,0,0,0
959,10.1007/978-3-322-90178-1_9,0,0,0,0,0,0,0,0,0,0,0,0,0,0,0,0,0,0
960,10.1007/978-3-322-90178-1_6,0,0,0,0,0,0,0,0,0,0,0,0,0,0,0,0,0,0
961,10.1007/978-3-322-90178-1_4,0,0,0,0,0,0,0,0,0,0,0,0,0,0,0,0,0,0
962,10.1076/jhin.7.2.137.1866,0,0,0,0,0,0,0,0,0,0,0,0,0,0,0,0,0,0
963,10.1007/3-540-48957-6_21,0,0,0,0,0,0,0,0,0,0,0,0,0,0,0,0,0,0
964,10.3233/icg-1998-21103,0,0,0,0,0,0,0,0,0,0,0,0,0,0,0,0,0,0
965,10.1007/bfb0027320,0,0,1,0,0,0,0,0,0,0,0,0,0,0,0,0,0,0
966,10.1007/3-540-64574-8_446,0,0,0,0,0,0,0,0,0,0,0,0,0,0,0,0,0,0
967,10.1016/s0167-7799(98)01188-3,0,0,0,0,0,0,0,0,0,0,0,0,0,0,0,0,0,0
968,10.1007/bfb0015248,0,0,0,0,0,0,0,0,0,0,0,0,0,0,0,0,0,0
969,10.1080/741941600,0,0,0,0,0,0,0,0,0,0,0,0,0,0,0,0,0,0
970,10.1007/978-3-531-90823-6_1,0,0,0,0,0,0,0,0,0,0,0,0,0,0,0,0,0,0
971,10.1080/002017498321733,0,0,0,0,0,0,0,0,0,0,0,0,0,0,0,0,0,0
972,10.1007/bfb0056327,0,0,0,0,0,0,0,0,0,0,0,0,0,0,0,0,0,0
973,10.1007/3-540-64574-8_447,0,0,0,0,0,0,0,0,0,0,0,0,0,0,1,0,0,0
974,10.1016/s0304-3975(00)00076-1,0,0,0,0,0,0,0,0,0,0,0,0,0,0,0,0,0,0
975,10.1016/s0167-7799(98)01271-2,0,0,0,0,0,0,0,0,0,0,0,0,0,0,0,0,0,0
